2023-02-05 16:33:48.595819, 761.6259155273438, 857.0347290039062, 825.7801513671875, 730.3712768554688
2023-02-05 16:33:48.596696, 763.2708740234375, 853.7448120117188, 802.7504272460938, 733.6612548828125
2023-02-05 16:33:48.596791, 755.0459594726562, 848.8098754882812, 804.3953857421875, 723.7913208007812
2023-02-05 16:33:48.596871, 746.8211059570312, 865.2596435546875, 820.84521484375, 708.9865112304688
2023-02-05 16:33:48.596947, 733.6612548828125, 863.6146850585938, 806.0403442382812, 704.0515747070312
2023-02-05 16:33:48.597021, 733.6612548828125, 870.194580078125, 806.0403442382812, 707.341552734375
2023-02-05 16:33:48.597094, 732.0162353515625, 870.194580078125, 804.3953857421875, 704.0515747070312
2023-02-05 16:33:48.597167, 735.3062133789062, 871.839599609375, 799.46044921875, 710.6315307617188
2023-02-05 16:33:48.597239, 745.1760864257812, 863.6146850585938, 787.945556640625, 717.21142578125
2023-02-05 16:33:48.597377, 736.951171875, 865.2596435546875, 774.7857666015625, 704.0515747070312
2023-02-05 16:33:48.597515, 748.466064453125, 893.2243041992188, 802.7504272460938, 720.5014038085938
2023-02-05 16:33:48.597694, 738.59619140625, 886.6444091796875, 804.3953857421875, 704.0515747070312
2023-02-05 16:33:48.597810, 758.3359375, 893.2243041992188, 807.6853637695312, 723.7913208007812
2023-02-05 16:33:48.597942, 748.466064453125, 876.7745361328125, 796.1704711914062, 717.21142578125
2023-02-05 16:33:48.598077, 763.2708740234375, 871.839599609375, 786.3005981445312, 732.0162353515625
2023-02-05 16:33:48.598322, 776.4307250976562, 878.4194946289062, 787.945556640625, 751.7560424804688
2023-02-05 16:33:48.599092, 779.720703125, 870.194580078125, 768.205810546875, 755.0459594726562
2023-02-05 16:33:48.599233, 794.5255126953125, 850.454833984375, 796.1704711914062, 768.205810546875
2023-02-05 16:33:48.599374, 792.8805541992188, 848.8098754882812, 817.5552368164062, 763.2708740234375
2023-02-05 16:33:48.599572, 796.1704711914062, 875.1295166015625, 827.4251098632812, 773.1407470703125
2023-02-05 16:33:48.599827, 806.0403442382812, 871.839599609375, 838.9400024414062, 778.07568359375
2023-02-05 16:33:48.600050, 806.0403442382812, 870.194580078125, 810.9752807617188, 783.0106201171875
2023-02-05 16:33:48.600255, 807.6853637695312, 861.9697265625, 812.6203002929688, 787.945556640625
2023-02-05 16:33:48.600488, 810.9752807617188, 855.3897705078125, 817.5552368164062, 789.590576171875
2023-02-05 16:33:48.600603, 814.2652587890625, 853.7448120117188, 807.6853637695312, 791.2355346679688
2023-02-05 16:33:48.600759, 829.070068359375, 852.0997924804688, 806.0403442382812, 806.0403442382812
2023-02-05 16:33:48.600907, 824.1351318359375, 842.2299194335938, 835.6500244140625, 806.0403442382812
2023-02-05 16:33:48.601091, 837.2949829101562, 840.5849609375, 830.715087890625, 812.6203002929688
2023-02-05 16:33:48.601209, 835.6500244140625, 850.454833984375, 814.2652587890625, 819.2001953125
2023-02-05 16:33:48.601349, 838.9400024414062, 853.7448120117188, 792.8805541992188, 822.4901733398438
2023-02-05 16:33:48.601488, 838.9400024414062, 850.454833984375, 825.7801513671875, 827.4251098632812
2023-02-05 16:33:48.601692, 829.070068359375, 855.3897705078125, 848.8098754882812, 830.715087890625
2023-02-05 16:33:48.733751, 834.0050048828125, 855.3897705078125, 838.9400024414062, 834.0050048828125
2023-02-05 16:33:48.734201, 837.2949829101562, 845.5198974609375, 838.9400024414062, 840.5849609375
2023-02-05 16:33:48.734296, 838.9400024414062, 843.8749389648438, 822.4901733398438, 838.9400024414062
2023-02-05 16:33:48.734522, 847.1648559570312, 834.0050048828125, 830.715087890625, 842.2299194335938
2023-02-05 16:33:48.734650, 850.454833984375, 832.3600463867188, 835.6500244140625, 848.8098754882812
2023-02-05 16:33:48.734767, 850.454833984375, 843.8749389648438, 812.6203002929688, 852.0997924804688
2023-02-05 16:33:48.734922, 855.3897705078125, 840.5849609375, 812.6203002929688, 850.454833984375
2023-02-05 16:33:48.735154, 857.0347290039062, 845.5198974609375, 837.2949829101562, 857.0347290039062
2023-02-05 16:33:48.735264, 855.3897705078125, 845.5198974609375, 835.6500244140625, 855.3897705078125
2023-02-05 16:33:48.735353, 861.9697265625, 837.2949829101562, 837.2949829101562, 858.6797485351562
2023-02-05 16:33:48.735486, 868.5496215820312, 829.070068359375, 822.4901733398438, 870.194580078125
2023-02-05 16:33:48.735702, 870.194580078125, 843.8749389648438, 822.4901733398438, 873.4845581054688
2023-02-05 16:33:48.735781, 871.839599609375, 842.2299194335938, 830.715087890625, 871.839599609375
2023-02-05 16:33:48.735926, 861.9697265625, 848.8098754882812, 827.4251098632812, 865.2596435546875
2023-02-05 16:33:48.736066, 855.3897705078125, 850.454833984375, 825.7801513671875, 845.5198974609375
2023-02-05 16:33:48.736245, 857.0347290039062, 845.5198974609375, 815.9102783203125, 847.1648559570312
2023-02-05 16:33:48.736813, 860.32470703125, 845.5198974609375, 809.330322265625, 853.7448120117188
2023-02-05 16:33:48.736933, 865.2596435546875, 848.8098754882812, 820.84521484375, 852.0997924804688
2023-02-05 16:33:48.737087, 858.6797485351562, 857.0347290039062, 827.4251098632812, 852.0997924804688
2023-02-05 16:33:48.737279, 855.3897705078125, 855.3897705078125, 822.4901733398438, 843.8749389648438
2023-02-05 16:33:48.737557, 857.0347290039062, 855.3897705078125, 825.7801513671875, 848.8098754882812
2023-02-05 16:33:48.737747, 861.9697265625, 855.3897705078125, 815.9102783203125, 857.0347290039062
2023-02-05 16:33:48.737921, 866.9046630859375, 847.1648559570312, 815.9102783203125, 857.0347290039062
2023-02-05 16:33:48.738130, 871.839599609375, 852.0997924804688, 820.84521484375, 863.6146850585938
2023-02-05 16:33:48.738238, 871.839599609375, 855.3897705078125, 822.4901733398438, 860.32470703125
2023-02-05 16:33:48.738346, 876.7745361328125, 853.7448120117188, 820.84521484375, 868.5496215820312
2023-02-05 16:33:48.738508, 873.4845581054688, 852.0997924804688, 815.9102783203125, 871.839599609375
2023-02-05 16:33:48.738699, 870.194580078125, 842.2299194335938, 830.715087890625, 868.5496215820312
2023-02-05 16:33:48.738806, 868.5496215820312, 847.1648559570312, 827.4251098632812, 868.5496215820312
2023-02-05 16:33:48.738946, 868.5496215820312, 848.8098754882812, 827.4251098632812, 870.194580078125
2023-02-05 16:33:48.739078, 863.6146850585938, 845.5198974609375, 840.5849609375, 866.9046630859375
2023-02-05 16:33:48.739296, 861.9697265625, 852.0997924804688, 830.715087890625, 866.9046630859375
2023-02-05 16:33:48.894425, 860.32470703125, 857.0347290039062, 829.070068359375, 865.2596435546875
2023-02-05 16:33:48.895006, 861.9697265625, 855.3897705078125, 827.4251098632812, 858.6797485351562
2023-02-05 16:33:48.895194, 863.6146850585938, 852.0997924804688, 829.070068359375, 858.6797485351562
2023-02-05 16:33:48.895334, 866.9046630859375, 852.0997924804688, 832.3600463867188, 857.0347290039062
2023-02-05 16:33:48.895464, 868.5496215820312, 847.1648559570312, 834.0050048828125, 861.9697265625
2023-02-05 16:33:48.895590, 868.5496215820312, 847.1648559570312, 824.1351318359375, 858.6797485351562
2023-02-05 16:33:48.895712, 866.9046630859375, 847.1648559570312, 820.84521484375, 853.7448120117188
2023-02-05 16:33:48.895834, 873.4845581054688, 848.8098754882812, 832.3600463867188, 852.0997924804688
2023-02-05 16:33:48.896016, 871.839599609375, 852.0997924804688, 835.6500244140625, 845.5198974609375
2023-02-05 16:33:48.896140, 876.7745361328125, 853.7448120117188, 843.8749389648438, 848.8098754882812
2023-02-05 16:33:48.896263, 875.1295166015625, 855.3897705078125, 837.2949829101562, 848.8098754882812
2023-02-05 16:33:48.896429, 866.9046630859375, 852.0997924804688, 832.3600463867188, 855.3897705078125
2023-02-05 16:33:48.896552, 868.5496215820312, 853.7448120117188, 838.9400024414062, 865.2596435546875
2023-02-05 16:33:48.896700, 866.9046630859375, 853.7448120117188, 848.8098754882812, 860.32470703125
2023-02-05 16:33:48.896824, 863.6146850585938, 853.7448120117188, 837.2949829101562, 858.6797485351562
2023-02-05 16:33:48.897025, 863.6146850585938, 848.8098754882812, 843.8749389648438, 861.9697265625
2023-02-05 16:33:48.897525, 861.9697265625, 843.8749389648438, 850.454833984375, 860.32470703125
2023-02-05 16:33:48.897678, 866.9046630859375, 842.2299194335938, 848.8098754882812, 863.6146850585938
2023-02-05 16:33:48.897814, 865.2596435546875, 842.2299194335938, 855.3897705078125, 865.2596435546875
2023-02-05 16:33:48.897944, 852.0997924804688, 840.5849609375, 850.454833984375, 861.9697265625
2023-02-05 16:33:48.898069, 847.1648559570312, 837.2949829101562, 850.454833984375, 860.32470703125
2023-02-05 16:33:48.898193, 847.1648559570312, 834.0050048828125, 850.454833984375, 860.32470703125
2023-02-05 16:33:48.898334, 847.1648559570312, 835.6500244140625, 848.8098754882812, 858.6797485351562
2023-02-05 16:33:48.898874, 850.454833984375, 834.0050048828125, 853.7448120117188, 855.3897705078125
2023-02-05 16:33:48.898998, 840.5849609375, 835.6500244140625, 847.1648559570312, 847.1648559570312
2023-02-05 16:33:48.899120, 840.5849609375, 840.5849609375, 848.8098754882812, 845.5198974609375
2023-02-05 16:33:48.899250, 847.1648559570312, 843.8749389648438, 850.454833984375, 838.9400024414062
2023-02-05 16:33:48.899372, 853.7448120117188, 848.8098754882812, 848.8098754882812, 838.9400024414062
2023-02-05 16:33:48.899493, 855.3897705078125, 842.2299194335938, 847.1648559570312, 842.2299194335938
2023-02-05 16:33:48.899686, 853.7448120117188, 834.0050048828125, 845.5198974609375, 848.8098754882812
2023-02-05 16:33:48.899811, 842.2299194335938, 832.3600463867188, 848.8098754882812, 848.8098754882812
2023-02-05 16:33:48.900007, 847.1648559570312, 827.4251098632812, 861.9697265625, 847.1648559570312
2023-02-05 16:33:48.900131, 848.8098754882812, 824.1351318359375, 866.9046630859375, 847.1648559570312
2023-02-05 16:33:48.992897, 848.8098754882812, 825.7801513671875, 858.6797485351562, 845.5198974609375
2023-02-05 16:33:48.993131, 842.2299194335938, 830.715087890625, 853.7448120117188, 842.2299194335938
2023-02-05 16:33:48.993276, 843.8749389648438, 842.2299194335938, 855.3897705078125, 842.2299194335938
2023-02-05 16:33:48.993409, 843.8749389648438, 840.5849609375, 857.0347290039062, 840.5849609375
2023-02-05 16:33:48.993939, 850.454833984375, 829.070068359375, 857.0347290039062, 848.8098754882812
2023-02-05 16:33:48.994102, 865.2596435546875, 829.070068359375, 848.8098754882812, 871.839599609375
2023-02-05 16:33:48.994207, 853.7448120117188, 829.070068359375, 840.5849609375, 868.5496215820312
2023-02-05 16:33:48.994307, 837.2949829101562, 832.3600463867188, 857.0347290039062, 847.1648559570312
2023-02-05 16:33:48.994406, 848.8098754882812, 834.0050048828125, 871.839599609375, 853.7448120117188
2023-02-05 16:33:48.994505, 845.5198974609375, 829.070068359375, 857.0347290039062, 855.3897705078125
2023-02-05 16:33:48.994602, 853.7448120117188, 825.7801513671875, 863.6146850585938, 866.9046630859375
2023-02-05 16:33:48.994700, 861.9697265625, 825.7801513671875, 857.0347290039062, 875.1295166015625
2023-02-05 16:33:48.994797, 852.0997924804688, 825.7801513671875, 857.0347290039062, 863.6146850585938
2023-02-05 16:33:48.994894, 852.0997924804688, 820.84521484375, 860.32470703125, 870.194580078125
2023-02-05 16:33:48.994991, 858.6797485351562, 817.5552368164062, 860.32470703125, 870.194580078125
2023-02-05 16:33:48.995088, 855.3897705078125, 815.9102783203125, 853.7448120117188, 868.5496215820312
2023-02-05 16:33:48.995390, 853.7448120117188, 822.4901733398438, 852.0997924804688, 855.3897705078125
2023-02-05 16:33:48.995487, 852.0997924804688, 829.070068359375, 855.3897705078125, 855.3897705078125
2023-02-05 16:33:48.995584, 855.3897705078125, 830.715087890625, 853.7448120117188, 861.9697265625
2023-02-05 16:33:48.995681, 848.8098754882812, 829.070068359375, 858.6797485351562, 853.7448120117188
2023-02-05 16:33:48.995777, 848.8098754882812, 819.2001953125, 865.2596435546875, 858.6797485351562
2023-02-05 16:33:48.995874, 843.8749389648438, 817.5552368164062, 860.32470703125, 852.0997924804688
2023-02-05 16:33:48.995970, 837.2949829101562, 822.4901733398438, 865.2596435546875, 853.7448120117188
2023-02-05 16:33:48.996065, 837.2949829101562, 819.2001953125, 857.0347290039062, 852.0997924804688
2023-02-05 16:33:48.996160, 830.715087890625, 820.84521484375, 855.3897705078125, 843.8749389648438
2023-02-05 16:33:48.996257, 834.0050048828125, 824.1351318359375, 861.9697265625, 845.5198974609375
2023-02-05 16:33:48.996353, 825.7801513671875, 827.4251098632812, 860.32470703125, 835.6500244140625
2023-02-05 16:33:48.996449, 817.5552368164062, 827.4251098632812, 860.32470703125, 830.715087890625
2023-02-05 16:33:48.996546, 807.6853637695312, 825.7801513671875, 857.0347290039062, 824.1351318359375
2023-02-05 16:33:48.996643, 801.1054077148438, 830.715087890625, 861.9697265625, 812.6203002929688
2023-02-05 16:33:48.996739, 791.2355346679688, 829.070068359375, 865.2596435546875, 802.7504272460938
2023-02-05 16:33:48.996835, 774.7857666015625, 829.070068359375, 868.5496215820312, 787.945556640625
2023-02-05 16:33:49.153755, 761.6259155273438, 834.0050048828125, 863.6146850585938, 771.4957885742188
2023-02-05 16:33:49.153876, 741.8861083984375, 832.3600463867188, 863.6146850585938, 758.3359375
2023-02-05 16:33:49.153966, 728.726318359375, 838.9400024414062, 865.2596435546875, 743.5311279296875
2023-02-05 16:33:49.154051, 720.5014038085938, 840.5849609375, 865.2596435546875, 728.726318359375
2023-02-05 16:33:49.154135, 710.6315307617188, 834.0050048828125, 861.9697265625, 722.1463623046875
2023-02-05 16:33:49.154217, 702.4066162109375, 834.0050048828125, 858.6797485351562, 708.9865112304688
2023-02-05 16:33:49.154300, 695.82666015625, 832.3600463867188, 857.0347290039062, 694.1817016601562
2023-02-05 16:33:49.154379, 705.6965942382812, 829.070068359375, 855.3897705078125, 705.6965942382812
2023-02-05 16:33:49.154460, 692.5367431640625, 837.2949829101562, 852.0997924804688, 707.341552734375
2023-02-05 16:33:49.154541, 699.1166381835938, 838.9400024414062, 857.0347290039062, 720.5014038085938
2023-02-05 16:33:49.154621, 705.6965942382812, 838.9400024414062, 868.5496215820312, 717.21142578125
2023-02-05 16:33:49.154701, 705.6965942382812, 834.0050048828125, 870.194580078125, 717.21142578125
2023-02-05 16:33:49.154783, 722.1463623046875, 825.7801513671875, 865.2596435546875, 723.7913208007812
2023-02-05 16:33:49.154862, 727.081298828125, 832.3600463867188, 863.6146850585938, 733.6612548828125
2023-02-05 16:33:49.154941, 740.2411499023438, 829.070068359375, 860.32470703125, 753.4010009765625
2023-02-05 16:33:49.155023, 753.4010009765625, 827.4251098632812, 855.3897705078125, 761.6259155273438
2023-02-05 16:33:49.155275, 766.5608520507812, 822.4901733398438, 875.1295166015625, 773.1407470703125
2023-02-05 16:33:49.155357, 769.850830078125, 824.1351318359375, 866.9046630859375, 781.3656616210938
2023-02-05 16:33:49.155437, 776.4307250976562, 814.2652587890625, 865.2596435546875, 781.3656616210938
2023-02-05 16:33:49.155515, 789.590576171875, 815.9102783203125, 866.9046630859375, 787.945556640625
2023-02-05 16:33:49.155596, 794.5255126953125, 815.9102783203125, 857.0347290039062, 799.46044921875
2023-02-05 16:33:49.155675, 802.7504272460938, 815.9102783203125, 855.3897705078125, 812.6203002929688
2023-02-05 16:33:49.155754, 810.9752807617188, 824.1351318359375, 853.7448120117188, 820.84521484375
2023-02-05 16:33:49.155834, 815.9102783203125, 814.2652587890625, 853.7448120117188, 824.1351318359375
2023-02-05 16:33:49.155912, 817.5552368164062, 807.6853637695312, 857.0347290039062, 829.070068359375
2023-02-05 16:33:49.155991, 824.1351318359375, 820.84521484375, 848.8098754882812, 834.0050048828125
2023-02-05 16:33:49.156071, 822.4901733398438, 825.7801513671875, 838.9400024414062, 832.3600463867188
2023-02-05 16:33:49.156150, 830.715087890625, 820.84521484375, 853.7448120117188, 838.9400024414062
2023-02-05 16:33:49.156229, 834.0050048828125, 815.9102783203125, 855.3897705078125, 840.5849609375
2023-02-05 16:33:49.156364, 835.6500244140625, 815.9102783203125, 860.32470703125, 847.1648559570312
2023-02-05 16:33:49.156550, 842.2299194335938, 817.5552368164062, 857.0347290039062, 850.454833984375
2023-02-05 16:33:49.156684, 847.1648559570312, 820.84521484375, 850.454833984375, 848.8098754882812
2023-02-05 16:33:49.501688, 853.7448120117188, 817.5552368164062, 857.0347290039062, 853.7448120117188
2023-02-05 16:33:49.501888, 857.0347290039062, 809.330322265625, 860.32470703125, 858.6797485351562
2023-02-05 16:33:49.502051, 857.0347290039062, 814.2652587890625, 857.0347290039062, 865.2596435546875
2023-02-05 16:33:49.502207, 855.3897705078125, 814.2652587890625, 847.1648559570312, 868.5496215820312
2023-02-05 16:33:49.502360, 858.6797485351562, 819.2001953125, 842.2299194335938, 871.839599609375
2023-02-05 16:33:49.502509, 860.32470703125, 812.6203002929688, 843.8749389648438, 873.4845581054688
2023-02-05 16:33:49.502682, 860.32470703125, 806.0403442382812, 858.6797485351562, 875.1295166015625
2023-02-05 16:33:49.502800, 865.2596435546875, 814.2652587890625, 858.6797485351562, 881.70947265625
2023-02-05 16:33:49.502918, 865.2596435546875, 809.330322265625, 866.9046630859375, 886.6444091796875
2023-02-05 16:33:49.503035, 866.9046630859375, 812.6203002929688, 860.32470703125, 886.6444091796875
2023-02-05 16:33:49.503152, 871.839599609375, 810.9752807617188, 850.454833984375, 884.9994506835938
2023-02-05 16:33:49.503269, 866.9046630859375, 806.0403442382812, 853.7448120117188, 886.6444091796875
2023-02-05 16:33:49.503385, 866.9046630859375, 812.6203002929688, 860.32470703125, 886.6444091796875
2023-02-05 16:33:49.503505, 861.9697265625, 812.6203002929688, 852.0997924804688, 884.9994506835938
2023-02-05 16:33:49.503623, 866.9046630859375, 814.2652587890625, 848.8098754882812, 880.064453125
2023-02-05 16:33:49.503740, 863.6146850585938, 810.9752807617188, 860.32470703125, 878.4194946289062
2023-02-05 16:33:49.504044, 858.6797485351562, 807.6853637695312, 857.0347290039062, 873.4845581054688
2023-02-05 16:33:49.504165, 861.9697265625, 812.6203002929688, 865.2596435546875, 886.6444091796875
2023-02-05 16:33:49.504284, 865.2596435546875, 812.6203002929688, 861.9697265625, 883.3544311523438
2023-02-05 16:33:49.504399, 865.2596435546875, 812.6203002929688, 858.6797485351562, 878.4194946289062
2023-02-05 16:33:49.504517, 868.5496215820312, 822.4901733398438, 861.9697265625, 886.6444091796875
2023-02-05 16:33:49.504635, 863.6146850585938, 817.5552368164062, 855.3897705078125, 878.4194946289062
2023-02-05 16:33:49.504753, 863.6146850585938, 810.9752807617188, 847.1648559570312, 886.6444091796875
2023-02-05 16:33:49.504870, 865.2596435546875, 809.330322265625, 853.7448120117188, 883.3544311523438
2023-02-05 16:33:49.504987, 860.32470703125, 812.6203002929688, 860.32470703125, 880.064453125
2023-02-05 16:33:49.505102, 860.32470703125, 815.9102783203125, 855.3897705078125, 880.064453125
2023-02-05 16:33:49.505218, 861.9697265625, 817.5552368164062, 866.9046630859375, 871.839599609375
2023-02-05 16:33:49.505335, 861.9697265625, 807.6853637695312, 855.3897705078125, 873.4845581054688
2023-02-05 16:33:49.505451, 861.9697265625, 810.9752807617188, 855.3897705078125, 875.1295166015625
2023-02-05 16:33:49.505568, 858.6797485351562, 825.7801513671875, 853.7448120117188, 875.1295166015625
2023-02-05 16:33:49.505684, 860.32470703125, 822.4901733398438, 845.5198974609375, 881.70947265625
2023-02-05 16:33:49.505800, 860.32470703125, 819.2001953125, 853.7448120117188, 881.70947265625
2023-02-05 16:33:49.555896, 852.0997924804688, 807.6853637695312, 861.9697265625, 871.839599609375
2023-02-05 16:33:49.556128, 853.7448120117188, 810.9752807617188, 857.0347290039062, 865.2596435546875
2023-02-05 16:33:49.556268, 853.7448120117188, 817.5552368164062, 855.3897705078125, 860.32470703125
2023-02-05 16:33:49.556394, 847.1648559570312, 817.5552368164062, 855.3897705078125, 850.454833984375
2023-02-05 16:33:49.556516, 847.1648559570312, 810.9752807617188, 850.454833984375, 853.7448120117188
2023-02-05 16:33:49.556636, 843.8749389648438, 809.330322265625, 858.6797485351562, 850.454833984375
2023-02-05 16:33:49.556754, 845.5198974609375, 806.0403442382812, 855.3897705078125, 858.6797485351562
2023-02-05 16:33:49.556870, 845.5198974609375, 815.9102783203125, 847.1648559570312, 857.0347290039062
2023-02-05 16:33:49.557337, 853.7448120117188, 819.2001953125, 845.5198974609375, 858.6797485351562
2023-02-05 16:33:49.557471, 845.5198974609375, 822.4901733398438, 847.1648559570312, 860.32470703125
2023-02-05 16:33:49.557594, 837.2949829101562, 830.715087890625, 853.7448120117188, 850.454833984375
2023-02-05 16:33:49.557714, 842.2299194335938, 819.2001953125, 852.0997924804688, 857.0347290039062
2023-02-05 16:33:49.557832, 840.5849609375, 822.4901733398438, 855.3897705078125, 855.3897705078125
2023-02-05 16:33:49.557950, 842.2299194335938, 812.6203002929688, 857.0347290039062, 853.7448120117188
2023-02-05 16:33:49.558067, 845.5198974609375, 814.2652587890625, 852.0997924804688, 852.0997924804688
2023-02-05 16:33:49.558183, 838.9400024414062, 815.9102783203125, 852.0997924804688, 853.7448120117188
2023-02-05 16:33:49.558549, 840.5849609375, 806.0403442382812, 843.8749389648438, 855.3897705078125
2023-02-05 16:33:49.558668, 837.2949829101562, 815.9102783203125, 848.8098754882812, 853.7448120117188
2023-02-05 16:33:49.558785, 845.5198974609375, 819.2001953125, 861.9697265625, 861.9697265625
2023-02-05 16:33:49.558901, 842.2299194335938, 817.5552368164062, 857.0347290039062, 863.6146850585938
2023-02-05 16:33:49.559017, 838.9400024414062, 819.2001953125, 863.6146850585938, 857.0347290039062
2023-02-05 16:33:49.559133, 842.2299194335938, 822.4901733398438, 848.8098754882812, 855.3897705078125
2023-02-05 16:33:49.559249, 837.2949829101562, 822.4901733398438, 845.5198974609375, 850.454833984375
2023-02-05 16:33:49.559365, 840.5849609375, 825.7801513671875, 861.9697265625, 845.5198974609375
2023-02-05 16:33:49.559487, 838.9400024414062, 825.7801513671875, 857.0347290039062, 855.3897705078125
2023-02-05 16:33:49.559580, 840.5849609375, 815.9102783203125, 855.3897705078125, 855.3897705078125
2023-02-05 16:33:49.559673, 842.2299194335938, 810.9752807617188, 866.9046630859375, 853.7448120117188
2023-02-05 16:33:49.559766, 847.1648559570312, 817.5552368164062, 857.0347290039062, 857.0347290039062
2023-02-05 16:33:49.559859, 847.1648559570312, 825.7801513671875, 857.0347290039062, 853.7448120117188
2023-02-05 16:33:49.559953, 838.9400024414062, 822.4901733398438, 845.5198974609375, 853.7448120117188
2023-02-05 16:33:49.560047, 843.8749389648438, 829.070068359375, 858.6797485351562, 852.0997924804688
2023-02-05 16:33:49.560197, 843.8749389648438, 825.7801513671875, 868.5496215820312, 857.0347290039062
2023-02-05 16:33:49.560337, 847.1648559570312, 817.5552368164062, 861.9697265625, 855.3897705078125
2023-02-05 16:33:49.560924, 848.8098754882812, 817.5552368164062, 855.3897705078125, 850.454833984375
2023-02-05 16:33:49.561100, 845.5198974609375, 825.7801513671875, 843.8749389648438, 848.8098754882812
2023-02-05 16:33:49.561208, 840.5849609375, 824.1351318359375, 850.454833984375, 843.8749389648438
2023-02-05 16:33:49.561360, 840.5849609375, 829.070068359375, 855.3897705078125, 853.7448120117188
2023-02-05 16:33:49.561520, 838.9400024414062, 824.1351318359375, 853.7448120117188, 857.0347290039062
2023-02-05 16:33:49.561731, 842.2299194335938, 817.5552368164062, 853.7448120117188, 855.3897705078125
2023-02-05 16:33:49.561911, 838.9400024414062, 812.6203002929688, 858.6797485351562, 853.7448120117188
2023-02-05 16:33:49.562038, 840.5849609375, 822.4901733398438, 858.6797485351562, 853.7448120117188
2023-02-05 16:33:49.562268, 837.2949829101562, 817.5552368164062, 852.0997924804688, 857.0347290039062
2023-02-05 16:33:49.562490, 842.2299194335938, 822.4901733398438, 850.454833984375, 858.6797485351562
2023-02-05 16:33:49.562627, 840.5849609375, 819.2001953125, 840.5849609375, 857.0347290039062
2023-02-05 16:33:49.562746, 832.3600463867188, 829.070068359375, 860.32470703125, 847.1648559570312
2023-02-05 16:33:49.562864, 834.0050048828125, 827.4251098632812, 860.32470703125, 842.2299194335938
2023-02-05 16:33:49.563019, 830.715087890625, 824.1351318359375, 840.5849609375, 840.5849609375
2023-02-05 16:33:49.563145, 837.2949829101562, 827.4251098632812, 857.0347290039062, 842.2299194335938
2023-02-05 16:33:49.563240, 838.9400024414062, 822.4901733398438, 857.0347290039062, 847.1648559570312
2023-02-05 16:33:49.563610, 837.2949829101562, 819.2001953125, 850.454833984375, 845.5198974609375
2023-02-05 16:33:49.563736, 842.2299194335938, 820.84521484375, 857.0347290039062, 850.454833984375
2023-02-05 16:33:49.563830, 840.5849609375, 815.9102783203125, 845.5198974609375, 850.454833984375
2023-02-05 16:33:49.563953, 837.2949829101562, 822.4901733398438, 845.5198974609375, 847.1648559570312
2023-02-05 16:33:49.564069, 832.3600463867188, 822.4901733398438, 857.0347290039062, 852.0997924804688
2023-02-05 16:33:49.564191, 829.070068359375, 825.7801513671875, 850.454833984375, 850.454833984375
2023-02-05 16:33:49.564314, 830.715087890625, 819.2001953125, 853.7448120117188, 842.2299194335938
2023-02-05 16:33:49.564441, 835.6500244140625, 817.5552368164062, 852.0997924804688, 848.8098754882812
2023-02-05 16:33:49.564534, 843.8749389648438, 819.2001953125, 853.7448120117188, 847.1648559570312
2023-02-05 16:33:49.564627, 834.0050048828125, 827.4251098632812, 855.3897705078125, 845.5198974609375
2023-02-05 16:33:49.564763, 815.9102783203125, 819.2001953125, 840.5849609375, 834.0050048828125
2023-02-05 16:33:49.564856, 824.1351318359375, 824.1351318359375, 848.8098754882812, 829.070068359375
2023-02-05 16:33:49.564949, 809.330322265625, 817.5552368164062, 850.454833984375, 812.6203002929688
2023-02-05 16:33:49.565043, 812.6203002929688, 809.330322265625, 847.1648559570312, 809.330322265625
2023-02-05 16:33:49.565136, 807.6853637695312, 824.1351318359375, 850.454833984375, 812.6203002929688
2023-02-05 16:33:49.565230, 792.8805541992188, 815.9102783203125, 835.6500244140625, 809.330322265625
2023-02-05 16:33:49.763373, 796.1704711914062, 819.2001953125, 843.8749389648438, 815.9102783203125
2023-02-05 16:33:49.763583, 802.7504272460938, 815.9102783203125, 853.7448120117188, 817.5552368164062
2023-02-05 16:33:49.763747, 804.3953857421875, 814.2652587890625, 852.0997924804688, 822.4901733398438
2023-02-05 16:33:49.763905, 806.0403442382812, 820.84521484375, 860.32470703125, 819.2001953125
2023-02-05 16:33:49.764059, 815.9102783203125, 825.7801513671875, 858.6797485351562, 820.84521484375
2023-02-05 16:33:49.764210, 812.6203002929688, 822.4901733398438, 850.454833984375, 820.84521484375
2023-02-05 16:33:49.764357, 814.2652587890625, 812.6203002929688, 853.7448120117188, 820.84521484375
2023-02-05 16:33:49.764504, 815.9102783203125, 820.84521484375, 848.8098754882812, 825.7801513671875
2023-02-05 16:33:49.764651, 820.84521484375, 824.1351318359375, 843.8749389648438, 832.3600463867188
2023-02-05 16:33:49.764796, 825.7801513671875, 825.7801513671875, 845.5198974609375, 835.6500244140625
2023-02-05 16:33:49.764942, 824.1351318359375, 817.5552368164062, 845.5198974609375, 838.9400024414062
2023-02-05 16:33:49.765090, 814.2652587890625, 825.7801513671875, 857.0347290039062, 827.4251098632812
2023-02-05 16:33:49.765257, 817.5552368164062, 822.4901733398438, 860.32470703125, 829.070068359375
2023-02-05 16:33:49.765374, 820.84521484375, 825.7801513671875, 842.2299194335938, 829.070068359375
2023-02-05 16:33:49.765490, 825.7801513671875, 825.7801513671875, 860.32470703125, 834.0050048828125
2023-02-05 16:33:49.765606, 830.715087890625, 817.5552368164062, 865.2596435546875, 838.9400024414062
2023-02-05 16:33:49.765928, 830.715087890625, 820.84521484375, 850.454833984375, 837.2949829101562
2023-02-05 16:33:49.766051, 830.715087890625, 822.4901733398438, 863.6146850585938, 835.6500244140625
2023-02-05 16:33:49.766169, 829.070068359375, 824.1351318359375, 847.1648559570312, 837.2949829101562
2023-02-05 16:33:49.766286, 832.3600463867188, 827.4251098632812, 847.1648559570312, 838.9400024414062
2023-02-05 16:33:49.766402, 830.715087890625, 824.1351318359375, 847.1648559570312, 840.5849609375
2023-02-05 16:33:49.766519, 829.070068359375, 825.7801513671875, 850.454833984375, 838.9400024414062
2023-02-05 16:33:49.766636, 832.3600463867188, 824.1351318359375, 853.7448120117188, 835.6500244140625
2023-02-05 16:33:49.766751, 824.1351318359375, 824.1351318359375, 857.0347290039062, 837.2949829101562
2023-02-05 16:33:49.766867, 825.7801513671875, 824.1351318359375, 853.7448120117188, 838.9400024414062
2023-02-05 16:33:49.766982, 827.4251098632812, 820.84521484375, 852.0997924804688, 837.2949829101562
2023-02-05 16:33:49.767097, 827.4251098632812, 820.84521484375, 832.3600463867188, 840.5849609375
2023-02-05 16:33:49.767212, 830.715087890625, 822.4901733398438, 850.454833984375, 842.2299194335938
2023-02-05 16:33:49.767329, 834.0050048828125, 829.070068359375, 860.32470703125, 840.5849609375
2023-02-05 16:33:49.767445, 834.0050048828125, 820.84521484375, 847.1648559570312, 840.5849609375
2023-02-05 16:33:49.767561, 837.2949829101562, 817.5552368164062, 860.32470703125, 838.9400024414062
2023-02-05 16:33:49.767676, 834.0050048828125, 820.84521484375, 843.8749389648438, 840.5849609375
2023-02-05 16:33:49.873950, 830.715087890625, 824.1351318359375, 840.5849609375, 842.2299194335938
2023-02-05 16:33:49.874119, 834.0050048828125, 824.1351318359375, 852.0997924804688, 838.9400024414062
2023-02-05 16:33:49.874250, 834.0050048828125, 824.1351318359375, 847.1648559570312, 835.6500244140625
2023-02-05 16:33:49.874374, 835.6500244140625, 822.4901733398438, 861.9697265625, 838.9400024414062
2023-02-05 16:33:49.874495, 838.9400024414062, 822.4901733398438, 855.3897705078125, 838.9400024414062
2023-02-05 16:33:49.874615, 842.2299194335938, 827.4251098632812, 850.454833984375, 843.8749389648438
2023-02-05 16:33:49.874735, 840.5849609375, 822.4901733398438, 852.0997924804688, 838.9400024414062
2023-02-05 16:33:49.874854, 838.9400024414062, 820.84521484375, 847.1648559570312, 838.9400024414062
2023-02-05 16:33:49.874974, 835.6500244140625, 822.4901733398438, 840.5849609375, 850.454833984375
2023-02-05 16:33:49.875092, 837.2949829101562, 820.84521484375, 838.9400024414062, 848.8098754882812
2023-02-05 16:33:49.875210, 838.9400024414062, 827.4251098632812, 843.8749389648438, 848.8098754882812
2023-02-05 16:33:49.876302, 838.9400024414062, 825.7801513671875, 860.32470703125, 850.454833984375
2023-02-05 16:33:49.876464, 837.2949829101562, 819.2001953125, 863.6146850585938, 848.8098754882812
2023-02-05 16:33:49.876602, 835.6500244140625, 817.5552368164062, 860.32470703125, 853.7448120117188
2023-02-05 16:33:49.876737, 834.0050048828125, 815.9102783203125, 857.0347290039062, 850.454833984375
2023-02-05 16:33:49.876863, 835.6500244140625, 817.5552368164062, 855.3897705078125, 848.8098754882812
2023-02-05 16:33:49.877214, 834.0050048828125, 815.9102783203125, 853.7448120117188, 845.5198974609375
2023-02-05 16:33:49.877316, 835.6500244140625, 812.6203002929688, 848.8098754882812, 847.1648559570312
2023-02-05 16:33:49.877419, 835.6500244140625, 814.2652587890625, 847.1648559570312, 848.8098754882812
2023-02-05 16:33:49.877524, 834.0050048828125, 824.1351318359375, 835.6500244140625, 840.5849609375
2023-02-05 16:33:49.877623, 834.0050048828125, 817.5552368164062, 847.1648559570312, 843.8749389648438
2023-02-05 16:33:49.877724, 829.070068359375, 829.070068359375, 863.6146850585938, 838.9400024414062
2023-02-05 16:33:49.877822, 838.9400024414062, 829.070068359375, 858.6797485351562, 843.8749389648438
2023-02-05 16:33:49.877923, 832.3600463867188, 820.84521484375, 866.9046630859375, 843.8749389648438
2023-02-05 16:33:49.878024, 837.2949829101562, 829.070068359375, 857.0347290039062, 847.1648559570312
2023-02-05 16:33:49.878122, 838.9400024414062, 824.1351318359375, 845.5198974609375, 845.5198974609375
2023-02-05 16:33:49.878222, 840.5849609375, 820.84521484375, 845.5198974609375, 845.5198974609375
2023-02-05 16:33:49.878323, 843.8749389648438, 827.4251098632812, 855.3897705078125, 843.8749389648438
2023-02-05 16:33:49.878423, 832.3600463867188, 819.2001953125, 845.5198974609375, 838.9400024414062
2023-02-05 16:33:49.878521, 832.3600463867188, 815.9102783203125, 852.0997924804688, 837.2949829101562
2023-02-05 16:33:49.878621, 840.5849609375, 817.5552368164062, 848.8098754882812, 840.5849609375
2023-02-05 16:33:49.878721, 832.3600463867188, 824.1351318359375, 850.454833984375, 845.5198974609375
2023-02-05 16:33:50.058267, 838.9400024414062, 820.84521484375, 855.3897705078125, 852.0997924804688
2023-02-05 16:33:50.058445, 842.2299194335938, 832.3600463867188, 857.0347290039062, 858.6797485351562
2023-02-05 16:33:50.058621, 834.0050048828125, 822.4901733398438, 850.454833984375, 850.454833984375
2023-02-05 16:33:50.058745, 840.5849609375, 819.2001953125, 852.0997924804688, 858.6797485351562
2023-02-05 16:33:50.058867, 840.5849609375, 822.4901733398438, 848.8098754882812, 858.6797485351562
2023-02-05 16:33:50.059003, 834.0050048828125, 822.4901733398438, 842.2299194335938, 842.2299194335938
2023-02-05 16:33:50.059147, 837.2949829101562, 834.0050048828125, 848.8098754882812, 843.8749389648438
2023-02-05 16:33:50.059265, 842.2299194335938, 834.0050048828125, 850.454833984375, 837.2949829101562
2023-02-05 16:33:50.059381, 845.5198974609375, 832.3600463867188, 852.0997924804688, 845.5198974609375
2023-02-05 16:33:50.059500, 842.2299194335938, 829.070068359375, 857.0347290039062, 853.7448120117188
2023-02-05 16:33:50.059616, 835.6500244140625, 824.1351318359375, 847.1648559570312, 843.8749389648438
2023-02-05 16:33:50.059766, 829.070068359375, 819.2001953125, 850.454833984375, 837.2949829101562
2023-02-05 16:33:50.059882, 832.3600463867188, 822.4901733398438, 866.9046630859375, 843.8749389648438
2023-02-05 16:33:50.060031, 838.9400024414062, 824.1351318359375, 860.32470703125, 842.2299194335938
2023-02-05 16:33:50.060165, 842.2299194335938, 827.4251098632812, 860.32470703125, 843.8749389648438
2023-02-05 16:33:50.060317, 838.9400024414062, 829.070068359375, 848.8098754882812, 847.1648559570312
2023-02-05 16:33:50.060745, 837.2949829101562, 822.4901733398438, 847.1648559570312, 852.0997924804688
2023-02-05 16:33:50.060864, 837.2949829101562, 820.84521484375, 843.8749389648438, 850.454833984375
2023-02-05 16:33:50.060981, 840.5849609375, 825.7801513671875, 855.3897705078125, 837.2949829101562
2023-02-05 16:33:50.061097, 847.1648559570312, 825.7801513671875, 857.0347290039062, 838.9400024414062
2023-02-05 16:33:50.061214, 843.8749389648438, 827.4251098632812, 855.3897705078125, 835.6500244140625
2023-02-05 16:33:50.061330, 853.7448120117188, 824.1351318359375, 852.0997924804688, 850.454833984375
2023-02-05 16:33:50.061445, 847.1648559570312, 829.070068359375, 847.1648559570312, 853.7448120117188
2023-02-05 16:33:50.061561, 847.1648559570312, 840.5849609375, 843.8749389648438, 843.8749389648438
2023-02-05 16:33:50.061677, 847.1648559570312, 832.3600463867188, 835.6500244140625, 845.5198974609375
2023-02-05 16:33:50.061793, 845.5198974609375, 834.0050048828125, 840.5849609375, 847.1648559570312
2023-02-05 16:33:50.061909, 842.2299194335938, 827.4251098632812, 871.839599609375, 838.9400024414062
2023-02-05 16:33:50.062025, 834.0050048828125, 824.1351318359375, 860.32470703125, 835.6500244140625
2023-02-05 16:33:50.062141, 837.2949829101562, 835.6500244140625, 863.6146850585938, 838.9400024414062
2023-02-05 16:33:50.062256, 842.2299194335938, 825.7801513671875, 852.0997924804688, 842.2299194335938
2023-02-05 16:33:50.062371, 840.5849609375, 822.4901733398438, 848.8098754882812, 837.2949829101562
2023-02-05 16:33:50.062486, 842.2299194335938, 829.070068359375, 852.0997924804688, 843.8749389648438
2023-02-05 16:33:50.062601, 838.9400024414062, 834.0050048828125, 852.0997924804688, 838.9400024414062
2023-02-05 16:33:50.128516, 834.0050048828125, 837.2949829101562, 838.9400024414062, 835.6500244140625
2023-02-05 16:33:50.128672, 840.5849609375, 827.4251098632812, 842.2299194335938, 837.2949829101562
2023-02-05 16:33:50.128796, 838.9400024414062, 817.5552368164062, 848.8098754882812, 838.9400024414062
2023-02-05 16:33:50.128940, 838.9400024414062, 820.84521484375, 838.9400024414062, 845.5198974609375
2023-02-05 16:33:50.129134, 832.3600463867188, 829.070068359375, 852.0997924804688, 845.5198974609375
2023-02-05 16:33:50.129298, 834.0050048828125, 827.4251098632812, 853.7448120117188, 840.5849609375
2023-02-05 16:33:50.129402, 835.6500244140625, 825.7801513671875, 855.3897705078125, 838.9400024414062
2023-02-05 16:33:50.129501, 840.5849609375, 819.2001953125, 850.454833984375, 832.3600463867188
2023-02-05 16:33:50.129689, 837.2949829101562, 832.3600463867188, 847.1648559570312, 837.2949829101562
2023-02-05 16:33:50.129844, 838.9400024414062, 832.3600463867188, 848.8098754882812, 838.9400024414062
2023-02-05 16:33:50.129939, 835.6500244140625, 830.715087890625, 850.454833984375, 838.9400024414062
2023-02-05 16:33:50.130056, 834.0050048828125, 830.715087890625, 850.454833984375, 837.2949829101562
2023-02-05 16:33:50.130417, 835.6500244140625, 820.84521484375, 847.1648559570312, 837.2949829101562
2023-02-05 16:33:50.130593, 837.2949829101562, 825.7801513671875, 847.1648559570312, 838.9400024414062
2023-02-05 16:33:50.130736, 838.9400024414062, 825.7801513671875, 850.454833984375, 835.6500244140625
2023-02-05 16:33:50.130929, 840.5849609375, 822.4901733398438, 855.3897705078125, 840.5849609375
2023-02-05 16:33:50.131816, 843.8749389648438, 822.4901733398438, 848.8098754882812, 847.1648559570312
2023-02-05 16:33:50.131999, 840.5849609375, 824.1351318359375, 857.0347290039062, 843.8749389648438
2023-02-05 16:33:50.132116, 837.2949829101562, 820.84521484375, 852.0997924804688, 853.7448120117188
2023-02-05 16:33:50.132281, 835.6500244140625, 810.9752807617188, 845.5198974609375, 848.8098754882812
2023-02-05 16:33:50.132455, 835.6500244140625, 827.4251098632812, 838.9400024414062, 845.5198974609375
2023-02-05 16:33:50.132604, 842.2299194335938, 832.3600463867188, 853.7448120117188, 852.0997924804688
2023-02-05 16:33:50.132731, 834.0050048828125, 834.0050048828125, 861.9697265625, 845.5198974609375
2023-02-05 16:33:50.132840, 837.2949829101562, 832.3600463867188, 848.8098754882812, 852.0997924804688
2023-02-05 16:33:50.133016, 835.6500244140625, 829.070068359375, 866.9046630859375, 845.5198974609375
2023-02-05 16:33:50.133140, 834.0050048828125, 829.070068359375, 855.3897705078125, 838.9400024414062
2023-02-05 16:33:50.133280, 838.9400024414062, 827.4251098632812, 850.454833984375, 842.2299194335938
2023-02-05 16:33:50.133427, 835.6500244140625, 825.7801513671875, 850.454833984375, 843.8749389648438
2023-02-05 16:33:50.133562, 838.9400024414062, 822.4901733398438, 850.454833984375, 845.5198974609375
2023-02-05 16:33:50.133704, 838.9400024414062, 824.1351318359375, 847.1648559570312, 842.2299194335938
2023-02-05 16:33:50.133821, 834.0050048828125, 827.4251098632812, 845.5198974609375, 845.5198974609375
2023-02-05 16:33:50.133961, 834.0050048828125, 829.070068359375, 857.0347290039062, 840.5849609375
2023-02-05 16:33:50.226361, 829.070068359375, 829.070068359375, 847.1648559570312, 843.8749389648438
2023-02-05 16:33:50.226482, 832.3600463867188, 825.7801513671875, 853.7448120117188, 840.5849609375
2023-02-05 16:33:50.226577, 834.0050048828125, 825.7801513671875, 852.0997924804688, 837.2949829101562
2023-02-05 16:33:50.226669, 829.070068359375, 822.4901733398438, 848.8098754882812, 837.2949829101562
2023-02-05 16:33:50.226757, 834.0050048828125, 824.1351318359375, 838.9400024414062, 843.8749389648438
2023-02-05 16:33:50.226846, 830.715087890625, 825.7801513671875, 848.8098754882812, 838.9400024414062
2023-02-05 16:33:50.226933, 834.0050048828125, 832.3600463867188, 866.9046630859375, 838.9400024414062
2023-02-05 16:33:50.227020, 830.715087890625, 830.715087890625, 855.3897705078125, 837.2949829101562
2023-02-05 16:33:50.227105, 830.715087890625, 825.7801513671875, 857.0347290039062, 838.9400024414062
2023-02-05 16:33:50.227189, 824.1351318359375, 824.1351318359375, 852.0997924804688, 838.9400024414062
2023-02-05 16:33:50.227275, 832.3600463867188, 820.84521484375, 853.7448120117188, 843.8749389648438
2023-02-05 16:33:50.227360, 837.2949829101562, 827.4251098632812, 858.6797485351562, 845.5198974609375
2023-02-05 16:33:50.227446, 837.2949829101562, 832.3600463867188, 853.7448120117188, 845.5198974609375
2023-02-05 16:33:50.227530, 842.2299194335938, 832.3600463867188, 852.0997924804688, 848.8098754882812
2023-02-05 16:33:50.227921, 837.2949829101562, 825.7801513671875, 847.1648559570312, 842.2299194335938
2023-02-05 16:33:50.228018, 840.5849609375, 820.84521484375, 848.8098754882812, 840.5849609375
2023-02-05 16:33:50.317557, 834.0050048828125, 825.7801513671875, 855.3897705078125, 838.9400024414062
2023-02-05 16:33:50.317700, 829.070068359375, 825.7801513671875, 860.32470703125, 837.2949829101562
2023-02-05 16:33:50.317798, 829.070068359375, 832.3600463867188, 861.9697265625, 834.0050048828125
2023-02-05 16:33:50.317887, 830.715087890625, 824.1351318359375, 857.0347290039062, 830.715087890625
2023-02-05 16:33:50.317973, 830.715087890625, 817.5552368164062, 842.2299194335938, 837.2949829101562
2023-02-05 16:33:50.318058, 827.4251098632812, 824.1351318359375, 842.2299194335938, 838.9400024414062
2023-02-05 16:33:50.318141, 829.070068359375, 824.1351318359375, 857.0347290039062, 832.3600463867188
2023-02-05 16:33:50.318224, 830.715087890625, 827.4251098632812, 855.3897705078125, 835.6500244140625
2023-02-05 16:33:50.318306, 834.0050048828125, 830.715087890625, 857.0347290039062, 834.0050048828125
2023-02-05 16:33:50.318389, 830.715087890625, 824.1351318359375, 853.7448120117188, 832.3600463867188
2023-02-05 16:33:50.318471, 825.7801513671875, 827.4251098632812, 843.8749389648438, 832.3600463867188
2023-02-05 16:33:50.318554, 834.0050048828125, 829.070068359375, 853.7448120117188, 830.715087890625
2023-02-05 16:33:50.318635, 829.070068359375, 820.84521484375, 847.1648559570312, 830.715087890625
2023-02-05 16:33:50.318717, 829.070068359375, 817.5552368164062, 837.2949829101562, 835.6500244140625
2023-02-05 16:33:50.318798, 835.6500244140625, 815.9102783203125, 838.9400024414062, 845.5198974609375
2023-02-05 16:33:50.318879, 832.3600463867188, 825.7801513671875, 855.3897705078125, 843.8749389648438
2023-02-05 16:33:50.406105, 837.2949829101562, 835.6500244140625, 857.0347290039062, 843.8749389648438
2023-02-05 16:33:50.406346, 838.9400024414062, 830.715087890625, 857.0347290039062, 847.1648559570312
2023-02-05 16:33:50.406443, 835.6500244140625, 830.715087890625, 858.6797485351562, 843.8749389648438
2023-02-05 16:33:50.406629, 825.7801513671875, 824.1351318359375, 847.1648559570312, 838.9400024414062
2023-02-05 16:33:50.406791, 824.1351318359375, 817.5552368164062, 853.7448120117188, 837.2949829101562
2023-02-05 16:33:50.406894, 827.4251098632812, 824.1351318359375, 860.32470703125, 843.8749389648438
2023-02-05 16:33:50.407052, 824.1351318359375, 822.4901733398438, 852.0997924804688, 842.2299194335938
2023-02-05 16:33:50.407186, 827.4251098632812, 819.2001953125, 850.454833984375, 843.8749389648438
2023-02-05 16:33:50.407355, 830.715087890625, 819.2001953125, 848.8098754882812, 843.8749389648438
2023-02-05 16:33:50.407478, 834.0050048828125, 815.9102783203125, 837.2949829101562, 842.2299194335938
2023-02-05 16:33:50.407628, 830.715087890625, 819.2001953125, 843.8749389648438, 837.2949829101562
2023-02-05 16:33:50.407755, 830.715087890625, 824.1351318359375, 858.6797485351562, 840.5849609375
2023-02-05 16:33:50.407939, 825.7801513671875, 824.1351318359375, 853.7448120117188, 843.8749389648438
2023-02-05 16:33:50.408116, 827.4251098632812, 829.070068359375, 861.9697265625, 842.2299194335938
2023-02-05 16:33:50.408201, 830.715087890625, 825.7801513671875, 853.7448120117188, 840.5849609375
2023-02-05 16:33:50.408336, 827.4251098632812, 825.7801513671875, 852.0997924804688, 834.0050048828125
2023-02-05 16:33:50.408934, 829.070068359375, 825.7801513671875, 857.0347290039062, 835.6500244140625
2023-02-05 16:33:50.409071, 832.3600463867188, 827.4251098632812, 852.0997924804688, 838.9400024414062
2023-02-05 16:33:50.409224, 834.0050048828125, 827.4251098632812, 852.0997924804688, 843.8749389648438
2023-02-05 16:33:50.409354, 834.0050048828125, 824.1351318359375, 850.454833984375, 847.1648559570312
2023-02-05 16:33:50.409577, 832.3600463867188, 820.84521484375, 857.0347290039062, 843.8749389648438
2023-02-05 16:33:50.409745, 827.4251098632812, 819.2001953125, 852.0997924804688, 843.8749389648438
2023-02-05 16:33:50.409826, 834.0050048828125, 832.3600463867188, 840.5849609375, 842.2299194335938
2023-02-05 16:33:50.409941, 834.0050048828125, 824.1351318359375, 848.8098754882812, 837.2949829101562
2023-02-05 16:33:50.410115, 825.7801513671875, 832.3600463867188, 865.2596435546875, 837.2949829101562
2023-02-05 16:33:50.410280, 832.3600463867188, 827.4251098632812, 868.5496215820312, 840.5849609375
2023-02-05 16:33:50.410397, 827.4251098632812, 822.4901733398438, 868.5496215820312, 842.2299194335938
2023-02-05 16:33:50.410548, 830.715087890625, 832.3600463867188, 865.2596435546875, 845.5198974609375
2023-02-05 16:33:50.410747, 830.715087890625, 824.1351318359375, 848.8098754882812, 847.1648559570312
2023-02-05 16:33:50.410916, 832.3600463867188, 824.1351318359375, 847.1648559570312, 840.5849609375
2023-02-05 16:33:50.411003, 834.0050048828125, 829.070068359375, 837.2949829101562, 843.8749389648438
2023-02-05 16:33:50.411134, 827.4251098632812, 830.715087890625, 845.5198974609375, 830.715087890625
2023-02-05 16:33:50.458563, 830.715087890625, 825.7801513671875, 855.3897705078125, 835.6500244140625
2023-02-05 16:33:50.458659, 827.4251098632812, 822.4901733398438, 857.0347290039062, 842.2299194335938
2023-02-05 16:33:50.458824, 829.070068359375, 815.9102783203125, 858.6797485351562, 848.8098754882812
2023-02-05 16:33:50.458941, 834.0050048828125, 820.84521484375, 845.5198974609375, 857.0347290039062
2023-02-05 16:33:50.459146, 837.2949829101562, 815.9102783203125, 850.454833984375, 843.8749389648438
2023-02-05 16:33:50.459252, 838.9400024414062, 822.4901733398438, 855.3897705078125, 840.5849609375
2023-02-05 16:33:50.459391, 830.715087890625, 827.4251098632812, 850.454833984375, 835.6500244140625
2023-02-05 16:33:50.459528, 835.6500244140625, 834.0050048828125, 847.1648559570312, 838.9400024414062
2023-02-05 16:33:50.459740, 837.2949829101562, 834.0050048828125, 845.5198974609375, 847.1648559570312
2023-02-05 16:33:50.460036, 835.6500244140625, 825.7801513671875, 855.3897705078125, 840.5849609375
2023-02-05 16:33:50.460211, 837.2949829101562, 824.1351318359375, 855.3897705078125, 840.5849609375
2023-02-05 16:33:50.460396, 838.9400024414062, 822.4901733398438, 852.0997924804688, 843.8749389648438
2023-02-05 16:33:50.460539, 840.5849609375, 825.7801513671875, 840.5849609375, 850.454833984375
2023-02-05 16:33:50.460969, 843.8749389648438, 829.070068359375, 835.6500244140625, 853.7448120117188
2023-02-05 16:33:50.461122, 843.8749389648438, 829.070068359375, 855.3897705078125, 847.1648559570312
2023-02-05 16:33:50.461205, 835.6500244140625, 822.4901733398438, 848.8098754882812, 845.5198974609375
2023-02-05 16:33:50.529257, 835.6500244140625, 819.2001953125, 852.0997924804688, 845.5198974609375
2023-02-05 16:33:50.529430, 837.2949829101562, 817.5552368164062, 853.7448120117188, 847.1648559570312
2023-02-05 16:33:50.529564, 837.2949829101562, 827.4251098632812, 847.1648559570312, 843.8749389648438
2023-02-05 16:33:50.529690, 840.5849609375, 830.715087890625, 853.7448120117188, 838.9400024414062
2023-02-05 16:33:50.529870, 837.2949829101562, 834.0050048828125, 853.7448120117188, 840.5849609375
2023-02-05 16:33:50.530020, 834.0050048828125, 834.0050048828125, 843.8749389648438, 837.2949829101562
2023-02-05 16:33:50.530143, 832.3600463867188, 824.1351318359375, 840.5849609375, 840.5849609375
2023-02-05 16:33:50.530282, 832.3600463867188, 830.715087890625, 843.8749389648438, 842.2299194335938
2023-02-05 16:33:50.530453, 832.3600463867188, 829.070068359375, 843.8749389648438, 838.9400024414062
2023-02-05 16:33:50.530574, 834.0050048828125, 825.7801513671875, 852.0997924804688, 842.2299194335938
2023-02-05 16:33:50.530708, 832.3600463867188, 830.715087890625, 850.454833984375, 838.9400024414062
2023-02-05 16:33:50.530830, 829.070068359375, 830.715087890625, 852.0997924804688, 835.6500244140625
2023-02-05 16:33:50.531012, 834.0050048828125, 829.070068359375, 848.8098754882812, 832.3600463867188
2023-02-05 16:33:50.531134, 832.3600463867188, 825.7801513671875, 847.1648559570312, 830.715087890625
2023-02-05 16:33:50.531251, 832.3600463867188, 822.4901733398438, 843.8749389648438, 829.070068359375
2023-02-05 16:33:50.531385, 837.2949829101562, 827.4251098632812, 845.5198974609375, 834.0050048828125
2023-02-05 16:33:50.531550, 830.715087890625, 825.7801513671875, 848.8098754882812, 827.4251098632812
2023-02-05 16:33:50.683701, 837.2949829101562, 829.070068359375, 847.1648559570312, 834.0050048828125
2023-02-05 16:33:50.683821, 830.715087890625, 827.4251098632812, 848.8098754882812, 837.2949829101562
2023-02-05 16:33:50.683913, 834.0050048828125, 824.1351318359375, 852.0997924804688, 835.6500244140625
2023-02-05 16:33:50.684002, 827.4251098632812, 825.7801513671875, 848.8098754882812, 838.9400024414062
2023-02-05 16:33:50.684088, 824.1351318359375, 830.715087890625, 845.5198974609375, 834.0050048828125
2023-02-05 16:33:50.684175, 824.1351318359375, 822.4901733398438, 850.454833984375, 830.715087890625
2023-02-05 16:33:50.684262, 824.1351318359375, 822.4901733398438, 845.5198974609375, 834.0050048828125
2023-02-05 16:33:50.684347, 827.4251098632812, 825.7801513671875, 850.454833984375, 834.0050048828125
2023-02-05 16:33:50.684432, 824.1351318359375, 827.4251098632812, 850.454833984375, 838.9400024414062
2023-02-05 16:33:50.684516, 829.070068359375, 830.715087890625, 842.2299194335938, 843.8749389648438
2023-02-05 16:33:50.684601, 829.070068359375, 829.070068359375, 843.8749389648438, 843.8749389648438
2023-02-05 16:33:50.684685, 835.6500244140625, 820.84521484375, 850.454833984375, 843.8749389648438
2023-02-05 16:33:50.684770, 835.6500244140625, 825.7801513671875, 848.8098754882812, 843.8749389648438
2023-02-05 16:33:50.684854, 830.715087890625, 829.070068359375, 857.0347290039062, 827.4251098632812
2023-02-05 16:33:50.684938, 832.3600463867188, 829.070068359375, 850.454833984375, 824.1351318359375
2023-02-05 16:33:50.685022, 834.0050048828125, 830.715087890625, 852.0997924804688, 824.1351318359375
2023-02-05 16:33:50.795574, 834.0050048828125, 825.7801513671875, 852.0997924804688, 832.3600463867188
2023-02-05 16:33:50.796512, 830.715087890625, 825.7801513671875, 848.8098754882812, 840.5849609375
2023-02-05 16:33:50.796697, 830.715087890625, 824.1351318359375, 853.7448120117188, 842.2299194335938
2023-02-05 16:33:50.796858, 835.6500244140625, 824.1351318359375, 853.7448120117188, 842.2299194335938
2023-02-05 16:33:50.797013, 835.6500244140625, 820.84521484375, 850.454833984375, 848.8098754882812
2023-02-05 16:33:50.797165, 834.0050048828125, 830.715087890625, 852.0997924804688, 850.454833984375
2023-02-05 16:33:50.797315, 832.3600463867188, 829.070068359375, 847.1648559570312, 842.2299194335938
2023-02-05 16:33:50.797462, 827.4251098632812, 827.4251098632812, 850.454833984375, 837.2949829101562
2023-02-05 16:33:50.797608, 827.4251098632812, 829.070068359375, 858.6797485351562, 837.2949829101562
2023-02-05 16:33:50.797753, 829.070068359375, 825.7801513671875, 852.0997924804688, 840.5849609375
2023-02-05 16:33:50.797898, 825.7801513671875, 825.7801513671875, 855.3897705078125, 832.3600463867188
2023-02-05 16:33:50.798044, 834.0050048828125, 827.4251098632812, 855.3897705078125, 834.0050048828125
2023-02-05 16:33:50.798190, 830.715087890625, 822.4901733398438, 850.454833984375, 832.3600463867188
2023-02-05 16:33:50.798335, 837.2949829101562, 824.1351318359375, 850.454833984375, 835.6500244140625
2023-02-05 16:33:50.798480, 832.3600463867188, 827.4251098632812, 852.0997924804688, 842.2299194335938
2023-02-05 16:33:50.798624, 835.6500244140625, 829.070068359375, 842.2299194335938, 845.5198974609375
2023-02-05 16:33:50.798961, 842.2299194335938, 817.5552368164062, 850.454833984375, 843.8749389648438
2023-02-05 16:33:50.799079, 830.715087890625, 825.7801513671875, 853.7448120117188, 843.8749389648438
2023-02-05 16:33:50.799195, 834.0050048828125, 842.2299194335938, 853.7448120117188, 837.2949829101562
2023-02-05 16:33:50.799310, 837.2949829101562, 835.6500244140625, 857.0347290039062, 840.5849609375
2023-02-05 16:33:50.799425, 834.0050048828125, 840.5849609375, 850.454833984375, 843.8749389648438
2023-02-05 16:33:50.799540, 838.9400024414062, 827.4251098632812, 853.7448120117188, 847.1648559570312
2023-02-05 16:33:50.799655, 840.5849609375, 824.1351318359375, 853.7448120117188, 847.1648559570312
2023-02-05 16:33:50.799770, 840.5849609375, 827.4251098632812, 853.7448120117188, 842.2299194335938
2023-02-05 16:33:50.799885, 843.8749389648438, 827.4251098632812, 853.7448120117188, 845.5198974609375
2023-02-05 16:33:50.799998, 843.8749389648438, 827.4251098632812, 845.5198974609375, 843.8749389648438
2023-02-05 16:33:50.800113, 838.9400024414062, 829.070068359375, 835.6500244140625, 843.8749389648438
2023-02-05 16:33:50.800228, 838.9400024414062, 832.3600463867188, 852.0997924804688, 845.5198974609375
2023-02-05 16:33:50.800344, 843.8749389648438, 830.715087890625, 853.7448120117188, 848.8098754882812
2023-02-05 16:33:50.800459, 837.2949829101562, 827.4251098632812, 850.454833984375, 842.2299194335938
2023-02-05 16:33:50.800575, 837.2949829101562, 825.7801513671875, 847.1648559570312, 832.3600463867188
2023-02-05 16:33:50.800689, 842.2299194335938, 829.070068359375, 842.2299194335938, 838.9400024414062
2023-02-05 16:33:50.850967, 835.6500244140625, 829.070068359375, 855.3897705078125, 840.5849609375
2023-02-05 16:33:50.851287, 835.6500244140625, 832.3600463867188, 860.32470703125, 845.5198974609375
2023-02-05 16:33:50.851495, 830.715087890625, 834.0050048828125, 860.32470703125, 848.8098754882812
2023-02-05 16:33:50.851650, 830.715087890625, 830.715087890625, 853.7448120117188, 840.5849609375
2023-02-05 16:33:50.851799, 843.8749389648438, 827.4251098632812, 850.454833984375, 843.8749389648438
2023-02-05 16:33:50.851948, 855.3897705078125, 830.715087890625, 855.3897705078125, 855.3897705078125
2023-02-05 16:33:50.852094, 845.5198974609375, 837.2949829101562, 850.454833984375, 838.9400024414062
2023-02-05 16:33:50.852240, 837.2949829101562, 835.6500244140625, 845.5198974609375, 832.3600463867188
2023-02-05 16:33:50.852386, 848.8098754882812, 832.3600463867188, 847.1648559570312, 848.8098754882812
2023-02-05 16:33:50.852531, 850.454833984375, 838.9400024414062, 840.5849609375, 847.1648559570312
2023-02-05 16:33:50.852677, 863.6146850585938, 835.6500244140625, 837.2949829101562, 853.7448120117188
2023-02-05 16:33:50.852822, 865.2596435546875, 837.2949829101562, 837.2949829101562, 850.454833984375
2023-02-05 16:33:50.852967, 858.6797485351562, 840.5849609375, 838.9400024414062, 848.8098754882812
2023-02-05 16:33:50.853112, 863.6146850585938, 835.6500244140625, 840.5849609375, 855.3897705078125
2023-02-05 16:33:50.853256, 863.6146850585938, 834.0050048828125, 840.5849609375, 857.0347290039062
2023-02-05 16:33:50.853401, 861.9697265625, 835.6500244140625, 842.2299194335938, 853.7448120117188
2023-02-05 16:33:50.982560, 855.3897705078125, 832.3600463867188, 843.8749389648438, 847.1648559570312
2023-02-05 16:33:50.982779, 852.0997924804688, 832.3600463867188, 843.8749389648438, 850.454833984375
2023-02-05 16:33:50.982944, 853.7448120117188, 830.715087890625, 840.5849609375, 855.3897705078125
2023-02-05 16:33:50.983102, 848.8098754882812, 832.3600463867188, 840.5849609375, 850.454833984375
2023-02-05 16:33:50.983254, 848.8098754882812, 829.070068359375, 843.8749389648438, 852.0997924804688
2023-02-05 16:33:50.983404, 847.1648559570312, 829.070068359375, 845.5198974609375, 852.0997924804688
2023-02-05 16:33:50.983552, 847.1648559570312, 835.6500244140625, 850.454833984375, 855.3897705078125
2023-02-05 16:33:50.983697, 843.8749389648438, 834.0050048828125, 840.5849609375, 847.1648559570312
2023-02-05 16:33:50.983844, 842.2299194335938, 835.6500244140625, 847.1648559570312, 847.1648559570312
2023-02-05 16:33:50.983990, 843.8749389648438, 835.6500244140625, 852.0997924804688, 847.1648559570312
2023-02-05 16:33:50.984135, 840.5849609375, 832.3600463867188, 853.7448120117188, 847.1648559570312
2023-02-05 16:33:50.984281, 834.0050048828125, 829.070068359375, 857.0347290039062, 842.2299194335938
2023-02-05 16:33:50.984428, 834.0050048828125, 830.715087890625, 853.7448120117188, 838.9400024414062
2023-02-05 16:33:50.984574, 822.4901733398438, 835.6500244140625, 850.454833984375, 822.4901733398438
2023-02-05 16:33:50.984720, 807.6853637695312, 837.2949829101562, 848.8098754882812, 807.6853637695312
2023-02-05 16:33:50.984862, 802.7504272460938, 838.9400024414062, 853.7448120117188, 804.3953857421875
2023-02-05 16:33:51.097773, 791.2355346679688, 837.2949829101562, 853.7448120117188, 794.5255126953125
2023-02-05 16:33:51.097882, 776.4307250976562, 838.9400024414062, 860.32470703125, 784.6556396484375
2023-02-05 16:33:51.097965, 759.9808959960938, 832.3600463867188, 852.0997924804688, 768.205810546875
2023-02-05 16:33:51.098043, 748.466064453125, 837.2949829101562, 847.1648559570312, 755.0459594726562
2023-02-05 16:33:51.098119, 736.951171875, 835.6500244140625, 847.1648559570312, 741.8861083984375
2023-02-05 16:33:51.098195, 723.7913208007812, 840.5849609375, 852.0997924804688, 732.0162353515625
2023-02-05 16:33:51.098269, 708.9865112304688, 842.2299194335938, 857.0347290039062, 712.2764892578125
2023-02-05 16:33:51.098343, 697.4716796875, 838.9400024414062, 848.8098754882812, 704.0515747070312
2023-02-05 16:33:51.098417, 700.7615966796875, 837.2949829101562, 850.454833984375, 708.9865112304688
2023-02-05 16:33:51.098491, 699.1166381835938, 843.8749389648438, 852.0997924804688, 704.0515747070312
2023-02-05 16:33:51.098566, 697.4716796875, 845.5198974609375, 852.0997924804688, 707.341552734375
2023-02-05 16:33:51.098640, 695.82666015625, 840.5849609375, 850.454833984375, 707.341552734375
2023-02-05 16:33:51.098714, 695.82666015625, 843.8749389648438, 847.1648559570312, 704.0515747070312
2023-02-05 16:33:51.098788, 708.9865112304688, 840.5849609375, 845.5198974609375, 723.7913208007812
2023-02-05 16:33:51.098862, 708.9865112304688, 842.2299194335938, 852.0997924804688, 720.5014038085938
2023-02-05 16:33:51.098936, 715.5664672851562, 840.5849609375, 857.0347290039062, 722.1463623046875
2023-02-05 16:33:51.099167, 732.0162353515625, 832.3600463867188, 857.0347290039062, 741.8861083984375
2023-02-05 16:33:51.099242, 736.951171875, 827.4251098632812, 860.32470703125, 740.2411499023438
2023-02-05 16:33:51.099316, 748.466064453125, 838.9400024414062, 858.6797485351562, 751.7560424804688
2023-02-05 16:33:51.099389, 759.9808959960938, 842.2299194335938, 842.2299194335938, 764.9158325195312
2023-02-05 16:33:51.099462, 766.5608520507812, 840.5849609375, 866.9046630859375, 773.1407470703125
2023-02-05 16:33:51.099535, 779.720703125, 834.0050048828125, 863.6146850585938, 781.3656616210938
2023-02-05 16:33:51.099609, 787.945556640625, 834.0050048828125, 861.9697265625, 792.8805541992188
2023-02-05 16:33:51.099683, 786.3005981445312, 830.715087890625, 865.2596435546875, 797.8154907226562
2023-02-05 16:33:51.099756, 802.7504272460938, 827.4251098632812, 852.0997924804688, 806.0403442382812
2023-02-05 16:33:51.099829, 817.5552368164062, 830.715087890625, 853.7448120117188, 819.2001953125
2023-02-05 16:33:51.099904, 815.9102783203125, 827.4251098632812, 857.0347290039062, 824.1351318359375
2023-02-05 16:33:51.099978, 824.1351318359375, 829.070068359375, 847.1648559570312, 830.715087890625
2023-02-05 16:33:51.100052, 829.070068359375, 832.3600463867188, 845.5198974609375, 842.2299194335938
2023-02-05 16:33:51.100222, 834.0050048828125, 824.1351318359375, 858.6797485351562, 843.8749389648438
2023-02-05 16:33:51.100355, 838.9400024414062, 822.4901733398438, 858.6797485351562, 845.5198974609375
2023-02-05 16:33:51.100536, 843.8749389648438, 825.7801513671875, 857.0347290039062, 855.3897705078125
2023-02-05 16:33:51.278261, 852.0997924804688, 820.84521484375, 855.3897705078125, 863.6146850585938
2023-02-05 16:33:51.278469, 852.0997924804688, 819.2001953125, 848.8098754882812, 860.32470703125
2023-02-05 16:33:51.278621, 861.9697265625, 819.2001953125, 848.8098754882812, 866.9046630859375
2023-02-05 16:33:51.278746, 865.2596435546875, 814.2652587890625, 845.5198974609375, 868.5496215820312
2023-02-05 16:33:51.278868, 861.9697265625, 822.4901733398438, 842.2299194335938, 863.6146850585938
2023-02-05 16:33:51.279335, 871.839599609375, 829.070068359375, 845.5198974609375, 870.194580078125
2023-02-05 16:33:51.279471, 873.4845581054688, 832.3600463867188, 845.5198974609375, 870.194580078125
2023-02-05 16:33:51.279598, 871.839599609375, 830.715087890625, 848.8098754882812, 873.4845581054688
2023-02-05 16:33:51.279720, 875.1295166015625, 827.4251098632812, 848.8098754882812, 883.3544311523438
2023-02-05 16:33:51.279841, 878.4194946289062, 822.4901733398438, 847.1648559570312, 889.9343872070312
2023-02-05 16:33:51.279960, 870.194580078125, 824.1351318359375, 847.1648559570312, 884.9994506835938
2023-02-05 16:33:51.280080, 871.839599609375, 825.7801513671875, 850.454833984375, 883.3544311523438
2023-02-05 16:33:51.280198, 873.4845581054688, 819.2001953125, 845.5198974609375, 886.6444091796875
2023-02-05 16:33:51.280317, 873.4845581054688, 820.84521484375, 848.8098754882812, 883.3544311523438
2023-02-05 16:33:51.280434, 876.7745361328125, 819.2001953125, 845.5198974609375, 880.064453125
2023-02-05 16:33:51.280552, 878.4194946289062, 817.5552368164062, 840.5849609375, 881.70947265625
2023-02-05 16:33:51.280668, 881.70947265625, 824.1351318359375, 840.5849609375, 883.3544311523438
2023-02-05 16:33:51.281036, 883.3544311523438, 825.7801513671875, 840.5849609375, 886.6444091796875
2023-02-05 16:33:51.281154, 881.70947265625, 829.070068359375, 847.1648559570312, 883.3544311523438
2023-02-05 16:33:51.281272, 876.7745361328125, 827.4251098632812, 847.1648559570312, 883.3544311523438
2023-02-05 16:33:51.281389, 878.4194946289062, 829.070068359375, 848.8098754882812, 884.9994506835938
2023-02-05 16:33:51.281508, 883.3544311523438, 822.4901733398438, 847.1648559570312, 891.579345703125
2023-02-05 16:33:51.281626, 884.9994506835938, 820.84521484375, 840.5849609375, 891.579345703125
2023-02-05 16:33:51.281743, 884.9994506835938, 822.4901733398438, 845.5198974609375, 888.2893676757812
2023-02-05 16:33:51.281867, 881.70947265625, 812.6203002929688, 843.8749389648438, 881.70947265625
2023-02-05 16:33:51.281985, 881.70947265625, 819.2001953125, 843.8749389648438, 888.2893676757812
2023-02-05 16:33:51.282102, 883.3544311523438, 825.7801513671875, 835.6500244140625, 888.2893676757812
2023-02-05 16:33:51.282218, 878.4194946289062, 827.4251098632812, 847.1648559570312, 883.3544311523438
2023-02-05 16:33:51.282334, 881.70947265625, 825.7801513671875, 855.3897705078125, 881.70947265625
2023-02-05 16:33:51.282451, 881.70947265625, 820.84521484375, 853.7448120117188, 876.7745361328125
2023-02-05 16:33:51.282576, 875.1295166015625, 825.7801513671875, 857.0347290039062, 876.7745361328125
2023-02-05 16:33:51.282670, 878.4194946289062, 819.2001953125, 848.8098754882812, 876.7745361328125
2023-02-05 16:33:51.282764, 875.1295166015625, 825.7801513671875, 850.454833984375, 871.839599609375
2023-02-05 16:33:51.431075, 873.4845581054688, 824.1351318359375, 847.1648559570312, 873.4845581054688
2023-02-05 16:33:51.431199, 871.839599609375, 819.2001953125, 848.8098754882812, 866.9046630859375
2023-02-05 16:33:51.431291, 871.839599609375, 824.1351318359375, 847.1648559570312, 868.5496215820312
2023-02-05 16:33:51.431378, 871.839599609375, 819.2001953125, 848.8098754882812, 870.194580078125
2023-02-05 16:33:51.431806, 871.839599609375, 815.9102783203125, 847.1648559570312, 873.4845581054688
2023-02-05 16:33:51.431927, 870.194580078125, 815.9102783203125, 843.8749389648438, 870.194580078125
2023-02-05 16:33:51.432105, 868.5496215820312, 824.1351318359375, 838.9400024414062, 865.2596435546875
2023-02-05 16:33:51.432230, 868.5496215820312, 830.715087890625, 840.5849609375, 863.6146850585938
2023-02-05 16:33:51.432372, 868.5496215820312, 822.4901733398438, 848.8098754882812, 866.9046630859375
2023-02-05 16:33:51.432499, 865.2596435546875, 824.1351318359375, 848.8098754882812, 865.2596435546875
2023-02-05 16:33:51.432675, 863.6146850585938, 820.84521484375, 850.454833984375, 866.9046630859375
2023-02-05 16:33:51.432798, 861.9697265625, 819.2001953125, 847.1648559570312, 863.6146850585938
2023-02-05 16:33:51.432951, 865.2596435546875, 820.84521484375, 847.1648559570312, 870.194580078125
2023-02-05 16:33:51.433073, 868.5496215820312, 822.4901733398438, 848.8098754882812, 868.5496215820312
2023-02-05 16:33:51.433260, 865.2596435546875, 824.1351318359375, 850.454833984375, 870.194580078125
2023-02-05 16:33:51.433386, 858.6797485351562, 829.070068359375, 850.454833984375, 866.9046630859375
2023-02-05 16:33:51.433972, 858.6797485351562, 829.070068359375, 847.1648559570312, 863.6146850585938
2023-02-05 16:33:51.434078, 855.3897705078125, 824.1351318359375, 848.8098754882812, 858.6797485351562
2023-02-05 16:33:51.434295, 855.3897705078125, 820.84521484375, 845.5198974609375, 857.0347290039062
2023-02-05 16:33:51.434409, 857.0347290039062, 824.1351318359375, 852.0997924804688, 857.0347290039062
2023-02-05 16:33:51.434541, 860.32470703125, 824.1351318359375, 852.0997924804688, 861.9697265625
2023-02-05 16:33:51.434666, 855.3897705078125, 824.1351318359375, 853.7448120117188, 863.6146850585938
2023-02-05 16:33:51.434849, 853.7448120117188, 825.7801513671875, 853.7448120117188, 865.2596435546875
2023-02-05 16:33:51.434961, 848.8098754882812, 824.1351318359375, 847.1648559570312, 863.6146850585938
2023-02-05 16:33:51.435088, 845.5198974609375, 825.7801513671875, 847.1648559570312, 861.9697265625
2023-02-05 16:33:51.435225, 845.5198974609375, 824.1351318359375, 848.8098754882812, 857.0347290039062
2023-02-05 16:33:51.435408, 842.2299194335938, 820.84521484375, 857.0347290039062, 855.3897705078125
2023-02-05 16:33:51.435501, 843.8749389648438, 819.2001953125, 852.0997924804688, 855.3897705078125
2023-02-05 16:33:51.435647, 842.2299194335938, 814.2652587890625, 848.8098754882812, 843.8749389648438
2023-02-05 16:33:51.435769, 848.8098754882812, 817.5552368164062, 848.8098754882812, 842.2299194335938
2023-02-05 16:33:51.435944, 855.3897705078125, 824.1351318359375, 843.8749389648438, 843.8749389648438
2023-02-05 16:33:51.436059, 845.5198974609375, 827.4251098632812, 853.7448120117188, 840.5849609375
2023-02-05 16:33:51.592174, 845.5198974609375, 827.4251098632812, 852.0997924804688, 847.1648559570312
2023-02-05 16:33:51.592691, 838.9400024414062, 827.4251098632812, 848.8098754882812, 845.5198974609375
2023-02-05 16:33:51.592850, 840.5849609375, 825.7801513671875, 845.5198974609375, 845.5198974609375
2023-02-05 16:33:51.592989, 842.2299194335938, 824.1351318359375, 847.1648559570312, 848.8098754882812
2023-02-05 16:33:51.593118, 842.2299194335938, 822.4901733398438, 847.1648559570312, 848.8098754882812
2023-02-05 16:33:51.593247, 843.8749389648438, 824.1351318359375, 845.5198974609375, 845.5198974609375
2023-02-05 16:33:51.593447, 843.8749389648438, 824.1351318359375, 840.5849609375, 847.1648559570312
2023-02-05 16:33:51.593575, 845.5198974609375, 829.070068359375, 845.5198974609375, 850.454833984375
2023-02-05 16:33:51.593754, 843.8749389648438, 825.7801513671875, 853.7448120117188, 845.5198974609375
2023-02-05 16:33:51.593879, 847.1648559570312, 820.84521484375, 850.454833984375, 852.0997924804688
2023-02-05 16:33:51.594076, 840.5849609375, 819.2001953125, 850.454833984375, 847.1648559570312
2023-02-05 16:33:51.594199, 838.9400024414062, 819.2001953125, 848.8098754882812, 843.8749389648438
2023-02-05 16:33:51.594352, 838.9400024414062, 824.1351318359375, 847.1648559570312, 845.5198974609375
2023-02-05 16:33:51.594477, 835.6500244140625, 814.2652587890625, 850.454833984375, 840.5849609375
2023-02-05 16:33:51.594713, 838.9400024414062, 822.4901733398438, 852.0997924804688, 837.2949829101562
2023-02-05 16:33:51.594836, 842.2299194335938, 825.7801513671875, 847.1648559570312, 835.6500244140625
2023-02-05 16:33:51.595528, 843.8749389648438, 820.84521484375, 847.1648559570312, 837.2949829101562
2023-02-05 16:33:51.595673, 837.2949829101562, 819.2001953125, 853.7448120117188, 837.2949829101562
2023-02-05 16:33:51.595875, 842.2299194335938, 819.2001953125, 853.7448120117188, 842.2299194335938
2023-02-05 16:33:51.595998, 840.5849609375, 825.7801513671875, 852.0997924804688, 847.1648559570312
2023-02-05 16:33:51.596118, 840.5849609375, 827.4251098632812, 850.454833984375, 843.8749389648438
2023-02-05 16:33:51.596248, 838.9400024414062, 829.070068359375, 847.1648559570312, 843.8749389648438
2023-02-05 16:33:51.596456, 834.0050048828125, 824.1351318359375, 847.1648559570312, 842.2299194335938
2023-02-05 16:33:51.596559, 838.9400024414062, 824.1351318359375, 847.1648559570312, 845.5198974609375
2023-02-05 16:33:51.596686, 838.9400024414062, 825.7801513671875, 848.8098754882812, 843.8749389648438
2023-02-05 16:33:51.596817, 843.8749389648438, 829.070068359375, 850.454833984375, 842.2299194335938
2023-02-05 16:33:51.597010, 838.9400024414062, 822.4901733398438, 852.0997924804688, 838.9400024414062
2023-02-05 16:33:51.597119, 835.6500244140625, 822.4901733398438, 848.8098754882812, 838.9400024414062
2023-02-05 16:33:51.597265, 842.2299194335938, 829.070068359375, 842.2299194335938, 843.8749389648438
2023-02-05 16:33:51.597390, 842.2299194335938, 827.4251098632812, 840.5849609375, 838.9400024414062
2023-02-05 16:33:51.597583, 840.5849609375, 825.7801513671875, 858.6797485351562, 838.9400024414062
2023-02-05 16:33:51.597694, 838.9400024414062, 824.1351318359375, 863.6146850585938, 837.2949829101562
2023-02-05 16:33:51.731249, 843.8749389648438, 825.7801513671875, 863.6146850585938, 845.5198974609375
2023-02-05 16:33:51.731374, 843.8749389648438, 829.070068359375, 857.0347290039062, 848.8098754882812
2023-02-05 16:33:51.731465, 847.1648559570312, 825.7801513671875, 847.1648559570312, 848.8098754882812
2023-02-05 16:33:51.731564, 845.5198974609375, 830.715087890625, 853.7448120117188, 840.5849609375
2023-02-05 16:33:51.731645, 843.8749389648438, 829.070068359375, 858.6797485351562, 842.2299194335938
2023-02-05 16:33:51.731792, 845.5198974609375, 822.4901733398438, 852.0997924804688, 845.5198974609375
2023-02-05 16:33:51.732032, 852.0997924804688, 832.3600463867188, 850.454833984375, 847.1648559570312
2023-02-05 16:33:51.732147, 845.5198974609375, 827.4251098632812, 848.8098754882812, 842.2299194335938
2023-02-05 16:33:51.732527, 848.8098754882812, 830.715087890625, 848.8098754882812, 838.9400024414062
2023-02-05 16:33:51.732616, 848.8098754882812, 832.3600463867188, 853.7448120117188, 842.2299194335938
2023-02-05 16:33:51.732697, 843.8749389648438, 830.715087890625, 848.8098754882812, 843.8749389648438
2023-02-05 16:33:51.732776, 842.2299194335938, 825.7801513671875, 853.7448120117188, 840.5849609375
2023-02-05 16:33:51.732875, 840.5849609375, 829.070068359375, 853.7448120117188, 842.2299194335938
2023-02-05 16:33:51.733010, 842.2299194335938, 827.4251098632812, 852.0997924804688, 847.1648559570312
2023-02-05 16:33:51.733245, 837.2949829101562, 829.070068359375, 852.0997924804688, 843.8749389648438
2023-02-05 16:33:51.733347, 842.2299194335938, 824.1351318359375, 852.0997924804688, 845.5198974609375
2023-02-05 16:33:51.733825, 840.5849609375, 824.1351318359375, 847.1648559570312, 842.2299194335938
2023-02-05 16:33:51.733962, 838.9400024414062, 825.7801513671875, 847.1648559570312, 840.5849609375
2023-02-05 16:33:51.734151, 840.5849609375, 824.1351318359375, 840.5849609375, 848.8098754882812
2023-02-05 16:33:51.734261, 842.2299194335938, 824.1351318359375, 847.1648559570312, 847.1648559570312
2023-02-05 16:33:51.734450, 840.5849609375, 824.1351318359375, 860.32470703125, 845.5198974609375
2023-02-05 16:33:51.734661, 840.5849609375, 824.1351318359375, 853.7448120117188, 845.5198974609375
2023-02-05 16:33:51.734845, 837.2949829101562, 825.7801513671875, 852.0997924804688, 845.5198974609375
2023-02-05 16:33:51.734998, 834.0050048828125, 827.4251098632812, 842.2299194335938, 847.1648559570312
2023-02-05 16:33:51.735120, 832.3600463867188, 825.7801513671875, 850.454833984375, 842.2299194335938
2023-02-05 16:33:51.735290, 827.4251098632812, 817.5552368164062, 853.7448120117188, 837.2949829101562
2023-02-05 16:33:51.735576, 829.070068359375, 814.2652587890625, 855.3897705078125, 837.2949829101562
2023-02-05 16:33:51.735939, 832.3600463867188, 824.1351318359375, 850.454833984375, 837.2949829101562
2023-02-05 16:33:51.736138, 832.3600463867188, 830.715087890625, 845.5198974609375, 838.9400024414062
2023-02-05 16:33:51.736305, 837.2949829101562, 832.3600463867188, 847.1648559570312, 840.5849609375
2023-02-05 16:33:51.736515, 837.2949829101562, 832.3600463867188, 842.2299194335938, 848.8098754882812
2023-02-05 16:33:51.736622, 835.6500244140625, 830.715087890625, 834.0050048828125, 840.5849609375
2023-02-05 16:33:51.871146, 837.2949829101562, 825.7801513671875, 834.0050048828125, 837.2949829101562
2023-02-05 16:33:51.871639, 835.6500244140625, 827.4251098632812, 853.7448120117188, 842.2299194335938
2023-02-05 16:33:51.871792, 834.0050048828125, 824.1351318359375, 855.3897705078125, 837.2949829101562
2023-02-05 16:33:51.871923, 837.2949829101562, 819.2001953125, 852.0997924804688, 842.2299194335938
2023-02-05 16:33:51.872050, 834.0050048828125, 824.1351318359375, 852.0997924804688, 834.0050048828125
2023-02-05 16:33:51.872207, 837.2949829101562, 829.070068359375, 848.8098754882812, 838.9400024414062
2023-02-05 16:33:51.872412, 835.6500244140625, 825.7801513671875, 847.1648559570312, 835.6500244140625
2023-02-05 16:33:51.872537, 837.2949829101562, 830.715087890625, 845.5198974609375, 840.5849609375
2023-02-05 16:33:51.872684, 838.9400024414062, 825.7801513671875, 838.9400024414062, 837.2949829101562
2023-02-05 16:33:51.872857, 838.9400024414062, 820.84521484375, 842.2299194335938, 837.2949829101562
2023-02-05 16:33:51.873050, 842.2299194335938, 830.715087890625, 852.0997924804688, 842.2299194335938
2023-02-05 16:33:51.873196, 842.2299194335938, 825.7801513671875, 847.1648559570312, 842.2299194335938
2023-02-05 16:33:51.873329, 834.0050048828125, 825.7801513671875, 850.454833984375, 837.2949829101562
2023-02-05 16:33:51.873456, 834.0050048828125, 827.4251098632812, 850.454833984375, 834.0050048828125
2023-02-05 16:33:51.873601, 830.715087890625, 820.84521484375, 848.8098754882812, 834.0050048828125
2023-02-05 16:33:51.873729, 832.3600463867188, 822.4901733398438, 845.5198974609375, 832.3600463867188
2023-02-05 16:33:51.873894, 832.3600463867188, 829.070068359375, 838.9400024414062, 834.0050048828125
2023-02-05 16:33:51.874571, 829.070068359375, 829.070068359375, 829.070068359375, 840.5849609375
2023-02-05 16:33:51.874749, 829.070068359375, 829.070068359375, 838.9400024414062, 845.5198974609375
2023-02-05 16:33:51.874959, 824.1351318359375, 824.1351318359375, 860.32470703125, 832.3600463867188
2023-02-05 16:33:51.875115, 824.1351318359375, 820.84521484375, 857.0347290039062, 829.070068359375
2023-02-05 16:33:51.875225, 825.7801513671875, 827.4251098632812, 860.32470703125, 827.4251098632812
2023-02-05 16:33:51.875428, 830.715087890625, 827.4251098632812, 850.454833984375, 834.0050048828125
2023-02-05 16:33:51.875566, 832.3600463867188, 830.715087890625, 843.8749389648438, 838.9400024414062
2023-02-05 16:33:51.875707, 827.4251098632812, 827.4251098632812, 845.5198974609375, 829.070068359375
2023-02-05 16:33:51.875832, 832.3600463867188, 827.4251098632812, 848.8098754882812, 827.4251098632812
2023-02-05 16:33:51.876051, 829.070068359375, 827.4251098632812, 840.5849609375, 830.715087890625
2023-02-05 16:33:51.876203, 827.4251098632812, 824.1351318359375, 842.2299194335938, 830.715087890625
2023-02-05 16:33:51.876372, 825.7801513671875, 824.1351318359375, 850.454833984375, 840.5849609375
2023-02-05 16:33:51.876498, 827.4251098632812, 824.1351318359375, 852.0997924804688, 834.0050048828125
2023-02-05 16:33:51.876697, 825.7801513671875, 820.84521484375, 850.454833984375, 824.1351318359375
2023-02-05 16:33:51.876799, 832.3600463867188, 820.84521484375, 838.9400024414062, 835.6500244140625
2023-02-05 16:33:51.876942, 825.7801513671875, 819.2001953125, 843.8749389648438, 834.0050048828125
2023-02-05 16:33:52.072982, 815.9102783203125, 824.1351318359375, 855.3897705078125, 832.3600463867188
2023-02-05 16:33:52.073170, 822.4901733398438, 820.84521484375, 852.0997924804688, 834.0050048828125
2023-02-05 16:33:52.073322, 820.84521484375, 825.7801513671875, 857.0347290039062, 822.4901733398438
2023-02-05 16:33:52.073456, 822.4901733398438, 819.2001953125, 847.1648559570312, 829.070068359375
2023-02-05 16:33:52.073613, 822.4901733398438, 815.9102783203125, 850.454833984375, 835.6500244140625
2023-02-05 16:33:52.073745, 822.4901733398438, 819.2001953125, 853.7448120117188, 834.0050048828125
2023-02-05 16:33:52.073930, 825.7801513671875, 814.2652587890625, 855.3897705078125, 835.6500244140625
2023-02-05 16:33:52.074064, 822.4901733398438, 814.2652587890625, 857.0347290039062, 829.070068359375
2023-02-05 16:33:52.074187, 827.4251098632812, 815.9102783203125, 855.3897705078125, 835.6500244140625
2023-02-05 16:33:52.074420, 820.84521484375, 822.4901733398438, 853.7448120117188, 835.6500244140625
2023-02-05 16:33:52.074603, 819.2001953125, 822.4901733398438, 852.0997924804688, 834.0050048828125
2023-02-05 16:33:52.074739, 820.84521484375, 820.84521484375, 850.454833984375, 832.3600463867188
2023-02-05 16:33:52.074863, 822.4901733398438, 819.2001953125, 850.454833984375, 832.3600463867188
2023-02-05 16:33:52.074984, 827.4251098632812, 824.1351318359375, 855.3897705078125, 837.2949829101562
2023-02-05 16:33:52.075103, 825.7801513671875, 824.1351318359375, 855.3897705078125, 840.5849609375
2023-02-05 16:33:52.075221, 827.4251098632812, 827.4251098632812, 853.7448120117188, 843.8749389648438
2023-02-05 16:33:52.075811, 822.4901733398438, 822.4901733398438, 855.3897705078125, 838.9400024414062
2023-02-05 16:33:52.075998, 824.1351318359375, 817.5552368164062, 853.7448120117188, 837.2949829101562
2023-02-05 16:33:52.076118, 824.1351318359375, 819.2001953125, 848.8098754882812, 835.6500244140625
2023-02-05 16:33:52.076293, 827.4251098632812, 817.5552368164062, 848.8098754882812, 835.6500244140625
2023-02-05 16:33:52.076433, 829.070068359375, 814.2652587890625, 845.5198974609375, 843.8749389648438
2023-02-05 16:33:52.076644, 829.070068359375, 825.7801513671875, 842.2299194335938, 832.3600463867188
2023-02-05 16:33:52.076764, 827.4251098632812, 830.715087890625, 855.3897705078125, 832.3600463867188
2023-02-05 16:33:52.076914, 820.84521484375, 827.4251098632812, 855.3897705078125, 830.715087890625
2023-02-05 16:33:52.077048, 820.84521484375, 822.4901733398438, 857.0347290039062, 825.7801513671875
2023-02-05 16:33:52.077218, 824.1351318359375, 822.4901733398438, 853.7448120117188, 832.3600463867188
2023-02-05 16:33:52.077362, 822.4901733398438, 824.1351318359375, 845.5198974609375, 824.1351318359375
2023-02-05 16:33:52.077495, 822.4901733398438, 824.1351318359375, 848.8098754882812, 827.4251098632812
2023-02-05 16:33:52.077642, 820.84521484375, 822.4901733398438, 852.0997924804688, 825.7801513671875
2023-02-05 16:33:52.077786, 819.2001953125, 815.9102783203125, 850.454833984375, 830.715087890625
2023-02-05 16:33:52.077916, 824.1351318359375, 817.5552368164062, 848.8098754882812, 834.0050048828125
2023-02-05 16:33:52.078048, 820.84521484375, 820.84521484375, 848.8098754882812, 824.1351318359375
2023-02-05 16:33:52.078629, 820.84521484375, 822.4901733398438, 850.454833984375, 829.070068359375
2023-02-05 16:33:52.078810, 822.4901733398438, 822.4901733398438, 845.5198974609375, 837.2949829101562
2023-02-05 16:33:52.078967, 820.84521484375, 824.1351318359375, 847.1648559570312, 832.3600463867188
2023-02-05 16:33:52.079108, 824.1351318359375, 822.4901733398438, 848.8098754882812, 832.3600463867188
2023-02-05 16:33:52.079281, 825.7801513671875, 822.4901733398438, 857.0347290039062, 822.4901733398438
2023-02-05 16:33:52.079582, 829.070068359375, 824.1351318359375, 858.6797485351562, 822.4901733398438
2023-02-05 16:33:52.079698, 837.2949829101562, 825.7801513671875, 855.3897705078125, 835.6500244140625
2023-02-05 16:33:52.079801, 830.715087890625, 817.5552368164062, 843.8749389648438, 834.0050048828125
2023-02-05 16:33:52.079900, 830.715087890625, 815.9102783203125, 848.8098754882812, 834.0050048828125
2023-02-05 16:33:52.079996, 824.1351318359375, 820.84521484375, 852.0997924804688, 832.3600463867188
2023-02-05 16:33:52.080091, 825.7801513671875, 830.715087890625, 845.5198974609375, 835.6500244140625
2023-02-05 16:33:52.080430, 829.070068359375, 829.070068359375, 847.1648559570312, 837.2949829101562
2023-02-05 16:33:52.080537, 822.4901733398438, 827.4251098632812, 850.454833984375, 835.6500244140625
2023-02-05 16:33:52.080637, 824.1351318359375, 824.1351318359375, 855.3897705078125, 830.715087890625
2023-02-05 16:33:52.080733, 822.4901733398438, 819.2001953125, 857.0347290039062, 830.715087890625
2023-02-05 16:33:52.080828, 824.1351318359375, 820.84521484375, 855.3897705078125, 835.6500244140625
2023-02-05 16:33:52.258284, 827.4251098632812, 822.4901733398438, 848.8098754882812, 832.3600463867188
2023-02-05 16:33:52.258492, 830.715087890625, 827.4251098632812, 845.5198974609375, 824.1351318359375
2023-02-05 16:33:52.258656, 834.0050048828125, 827.4251098632812, 847.1648559570312, 825.7801513671875
2023-02-05 16:33:52.258813, 834.0050048828125, 827.4251098632812, 845.5198974609375, 827.4251098632812
2023-02-05 16:33:52.258967, 830.715087890625, 820.84521484375, 847.1648559570312, 829.070068359375
2023-02-05 16:33:52.259118, 834.0050048828125, 820.84521484375, 861.9697265625, 838.9400024414062
2023-02-05 16:33:52.259267, 830.715087890625, 824.1351318359375, 852.0997924804688, 834.0050048828125
2023-02-05 16:33:52.259426, 832.3600463867188, 822.4901733398438, 852.0997924804688, 830.715087890625
2023-02-05 16:33:52.259543, 832.3600463867188, 834.0050048828125, 853.7448120117188, 835.6500244140625
2023-02-05 16:33:52.259660, 834.0050048828125, 830.715087890625, 853.7448120117188, 834.0050048828125
2023-02-05 16:33:52.259796, 838.9400024414062, 832.3600463867188, 855.3897705078125, 840.5849609375
2023-02-05 16:33:52.259937, 843.8749389648438, 832.3600463867188, 848.8098754882812, 845.5198974609375
2023-02-05 16:33:52.260081, 838.9400024414062, 827.4251098632812, 850.454833984375, 847.1648559570312
2023-02-05 16:33:52.260271, 834.0050048828125, 824.1351318359375, 857.0347290039062, 843.8749389648438
2023-02-05 16:33:52.260391, 834.0050048828125, 827.4251098632812, 857.0347290039062, 840.5849609375
2023-02-05 16:33:52.260524, 830.715087890625, 825.7801513671875, 855.3897705078125, 834.0050048828125
2023-02-05 16:33:52.261111, 835.6500244140625, 825.7801513671875, 853.7448120117188, 838.9400024414062
2023-02-05 16:33:52.261286, 835.6500244140625, 827.4251098632812, 852.0997924804688, 835.6500244140625
2023-02-05 16:33:52.261419, 835.6500244140625, 825.7801513671875, 853.7448120117188, 837.2949829101562
2023-02-05 16:33:52.261561, 837.2949829101562, 827.4251098632812, 847.1648559570312, 840.5849609375
2023-02-05 16:33:52.261734, 835.6500244140625, 824.1351318359375, 837.2949829101562, 840.5849609375
2023-02-05 16:33:52.261889, 840.5849609375, 829.070068359375, 852.0997924804688, 847.1648559570312
2023-02-05 16:33:52.262016, 835.6500244140625, 829.070068359375, 863.6146850585938, 840.5849609375
2023-02-05 16:33:52.262137, 837.2949829101562, 829.070068359375, 858.6797485351562, 835.6500244140625
2023-02-05 16:33:52.262281, 840.5849609375, 830.715087890625, 861.9697265625, 842.2299194335938
2023-02-05 16:33:52.262478, 834.0050048828125, 822.4901733398438, 852.0997924804688, 838.9400024414062
2023-02-05 16:33:52.262601, 838.9400024414062, 827.4251098632812, 852.0997924804688, 840.5849609375
2023-02-05 16:33:52.262778, 834.0050048828125, 824.1351318359375, 852.0997924804688, 840.5849609375
2023-02-05 16:33:52.262900, 835.6500244140625, 824.1351318359375, 848.8098754882812, 832.3600463867188
2023-02-05 16:33:52.263062, 835.6500244140625, 827.4251098632812, 845.5198974609375, 834.0050048828125
2023-02-05 16:33:52.263183, 835.6500244140625, 824.1351318359375, 843.8749389648438, 840.5849609375
2023-02-05 16:33:52.263303, 832.3600463867188, 829.070068359375, 852.0997924804688, 835.6500244140625
2023-02-05 16:33:52.263954, 840.5849609375, 832.3600463867188, 852.0997924804688, 842.2299194335938
2023-02-05 16:33:52.264248, 840.5849609375, 827.4251098632812, 852.0997924804688, 840.5849609375
2023-02-05 16:33:52.264370, 832.3600463867188, 830.715087890625, 850.454833984375, 832.3600463867188
2023-02-05 16:33:52.264490, 835.6500244140625, 829.070068359375, 852.0997924804688, 838.9400024414062
2023-02-05 16:33:52.264760, 830.715087890625, 825.7801513671875, 848.8098754882812, 838.9400024414062
2023-02-05 16:33:52.264937, 832.3600463867188, 827.4251098632812, 845.5198974609375, 835.6500244140625
2023-02-05 16:33:52.265061, 832.3600463867188, 827.4251098632812, 837.2949829101562, 838.9400024414062
2023-02-05 16:33:52.265197, 829.070068359375, 825.7801513671875, 845.5198974609375, 834.0050048828125
2023-02-05 16:33:52.265322, 834.0050048828125, 827.4251098632812, 861.9697265625, 838.9400024414062
2023-02-05 16:33:52.265507, 832.3600463867188, 824.1351318359375, 858.6797485351562, 835.6500244140625
2023-02-05 16:33:52.265622, 834.0050048828125, 825.7801513671875, 861.9697265625, 840.5849609375
2023-02-05 16:33:52.265731, 830.715087890625, 827.4251098632812, 850.454833984375, 840.5849609375
2023-02-05 16:33:52.265862, 825.7801513671875, 825.7801513671875, 840.5849609375, 838.9400024414062
2023-02-05 16:33:52.266049, 829.070068359375, 825.7801513671875, 845.5198974609375, 838.9400024414062
2023-02-05 16:33:52.266162, 824.1351318359375, 824.1351318359375, 853.7448120117188, 827.4251098632812
2023-02-05 16:33:52.266284, 830.715087890625, 822.4901733398438, 850.454833984375, 829.070068359375
2023-02-05 16:33:52.379229, 834.0050048828125, 824.1351318359375, 857.0347290039062, 834.0050048828125
2023-02-05 16:33:52.379403, 832.3600463867188, 820.84521484375, 853.7448120117188, 840.5849609375
2023-02-05 16:33:52.379533, 837.2949829101562, 827.4251098632812, 850.454833984375, 840.5849609375
2023-02-05 16:33:52.379661, 834.0050048828125, 829.070068359375, 848.8098754882812, 840.5849609375
2023-02-05 16:33:52.379813, 840.5849609375, 829.070068359375, 850.454833984375, 837.2949829101562
2023-02-05 16:33:52.380051, 845.5198974609375, 829.070068359375, 845.5198974609375, 840.5849609375
2023-02-05 16:33:52.380173, 842.2299194335938, 824.1351318359375, 840.5849609375, 842.2299194335938
2023-02-05 16:33:52.380294, 842.2299194335938, 822.4901733398438, 847.1648559570312, 847.1648559570312
2023-02-05 16:33:52.380481, 838.9400024414062, 834.0050048828125, 852.0997924804688, 848.8098754882812
2023-02-05 16:33:52.380632, 835.6500244140625, 835.6500244140625, 853.7448120117188, 843.8749389648438
2023-02-05 16:33:52.380756, 837.2949829101562, 834.0050048828125, 855.3897705078125, 843.8749389648438
2023-02-05 16:33:52.380895, 837.2949829101562, 832.3600463867188, 853.7448120117188, 843.8749389648438
2023-02-05 16:33:52.381060, 837.2949829101562, 827.4251098632812, 855.3897705078125, 843.8749389648438
2023-02-05 16:33:52.381295, 840.5849609375, 832.3600463867188, 853.7448120117188, 840.5849609375
2023-02-05 16:33:52.381406, 842.2299194335938, 830.715087890625, 850.454833984375, 843.8749389648438
2023-02-05 16:33:52.381750, 843.8749389648438, 830.715087890625, 847.1648559570312, 845.5198974609375
2023-02-05 16:33:52.381858, 843.8749389648438, 825.7801513671875, 848.8098754882812, 842.2299194335938
2023-02-05 16:33:52.553888, 835.6500244140625, 824.1351318359375, 853.7448120117188, 847.1648559570312
2023-02-05 16:33:52.554168, 832.3600463867188, 834.0050048828125, 852.0997924804688, 840.5849609375
2023-02-05 16:33:52.554343, 830.715087890625, 830.715087890625, 852.0997924804688, 845.5198974609375
2023-02-05 16:33:52.554505, 837.2949829101562, 825.7801513671875, 852.0997924804688, 855.3897705078125
2023-02-05 16:33:52.554663, 835.6500244140625, 827.4251098632812, 848.8098754882812, 852.0997924804688
2023-02-05 16:33:52.554813, 837.2949829101562, 827.4251098632812, 843.8749389648438, 840.5849609375
2023-02-05 16:33:52.554966, 838.9400024414062, 829.070068359375, 845.5198974609375, 852.0997924804688
2023-02-05 16:33:52.555113, 830.715087890625, 825.7801513671875, 848.8098754882812, 842.2299194335938
2023-02-05 16:33:52.555260, 834.0050048828125, 829.070068359375, 850.454833984375, 843.8749389648438
2023-02-05 16:33:52.555407, 835.6500244140625, 824.1351318359375, 852.0997924804688, 843.8749389648438
2023-02-05 16:33:52.555553, 834.0050048828125, 822.4901733398438, 850.454833984375, 838.9400024414062
2023-02-05 16:33:52.555699, 840.5849609375, 820.84521484375, 847.1648559570312, 845.5198974609375
2023-02-05 16:33:52.555844, 840.5849609375, 819.2001953125, 842.2299194335938, 852.0997924804688
2023-02-05 16:33:52.555989, 842.2299194335938, 830.715087890625, 847.1648559570312, 855.3897705078125
2023-02-05 16:33:52.556134, 838.9400024414062, 829.070068359375, 855.3897705078125, 848.8098754882812
2023-02-05 16:33:52.556279, 840.5849609375, 830.715087890625, 852.0997924804688, 845.5198974609375
2023-02-05 16:33:52.556734, 838.9400024414062, 824.1351318359375, 855.3897705078125, 843.8749389648438
2023-02-05 16:33:52.556882, 840.5849609375, 824.1351318359375, 852.0997924804688, 843.8749389648438
2023-02-05 16:33:52.557027, 840.5849609375, 829.070068359375, 847.1648559570312, 848.8098754882812
2023-02-05 16:33:52.557174, 840.5849609375, 820.84521484375, 847.1648559570312, 843.8749389648438
2023-02-05 16:33:52.557318, 838.9400024414062, 820.84521484375, 843.8749389648438, 837.2949829101562
2023-02-05 16:33:52.557461, 837.2949829101562, 827.4251098632812, 850.454833984375, 842.2299194335938
2023-02-05 16:33:52.557576, 835.6500244140625, 825.7801513671875, 852.0997924804688, 840.5849609375
2023-02-05 16:33:52.557691, 832.3600463867188, 829.070068359375, 853.7448120117188, 840.5849609375
2023-02-05 16:33:52.557806, 832.3600463867188, 829.070068359375, 853.7448120117188, 847.1648559570312
2023-02-05 16:33:52.557920, 832.3600463867188, 825.7801513671875, 845.5198974609375, 837.2949829101562
2023-02-05 16:33:52.558034, 835.6500244140625, 829.070068359375, 852.0997924804688, 837.2949829101562
2023-02-05 16:33:52.558149, 834.0050048828125, 822.4901733398438, 850.454833984375, 840.5849609375
2023-02-05 16:33:52.558264, 837.2949829101562, 824.1351318359375, 848.8098754882812, 835.6500244140625
2023-02-05 16:33:52.558379, 837.2949829101562, 825.7801513671875, 843.8749389648438, 843.8749389648438
2023-02-05 16:33:52.558710, 834.0050048828125, 827.4251098632812, 847.1648559570312, 845.5198974609375
2023-02-05 16:33:52.558837, 838.9400024414062, 825.7801513671875, 853.7448120117188, 843.8749389648438
2023-02-05 16:33:52.559139, 835.6500244140625, 824.1351318359375, 848.8098754882812, 840.5849609375
2023-02-05 16:33:52.559257, 834.0050048828125, 822.4901733398438, 847.1648559570312, 840.5849609375
2023-02-05 16:33:52.559373, 835.6500244140625, 827.4251098632812, 847.1648559570312, 843.8749389648438
2023-02-05 16:33:52.559488, 838.9400024414062, 830.715087890625, 850.454833984375, 842.2299194335938
2023-02-05 16:33:52.559603, 837.2949829101562, 825.7801513671875, 845.5198974609375, 832.3600463867188
2023-02-05 16:33:52.559718, 837.2949829101562, 825.7801513671875, 847.1648559570312, 838.9400024414062
2023-02-05 16:33:52.559833, 832.3600463867188, 824.1351318359375, 852.0997924804688, 832.3600463867188
2023-02-05 16:33:52.559948, 835.6500244140625, 827.4251098632812, 848.8098754882812, 838.9400024414062
2023-02-05 16:33:52.560063, 834.0050048828125, 825.7801513671875, 853.7448120117188, 838.9400024414062
2023-02-05 16:33:52.560178, 838.9400024414062, 827.4251098632812, 848.8098754882812, 838.9400024414062
2023-02-05 16:33:52.560293, 837.2949829101562, 827.4251098632812, 847.1648559570312, 842.2299194335938
2023-02-05 16:33:52.560408, 832.3600463867188, 825.7801513671875, 847.1648559570312, 845.5198974609375
2023-02-05 16:33:52.560523, 834.0050048828125, 822.4901733398438, 855.3897705078125, 845.5198974609375
2023-02-05 16:33:52.560638, 830.715087890625, 820.84521484375, 853.7448120117188, 840.5849609375
2023-02-05 16:33:52.560753, 835.6500244140625, 814.2652587890625, 852.0997924804688, 847.1648559570312
2023-02-05 16:33:52.560882, 832.3600463867188, 817.5552368164062, 852.0997924804688, 843.8749389648438
2023-02-05 16:33:52.674528, 829.070068359375, 812.6203002929688, 843.8749389648438, 840.5849609375
2023-02-05 16:33:52.674731, 830.715087890625, 825.7801513671875, 852.0997924804688, 832.3600463867188
2023-02-05 16:33:52.674874, 830.715087890625, 834.0050048828125, 853.7448120117188, 829.070068359375
2023-02-05 16:33:52.675013, 830.715087890625, 829.070068359375, 848.8098754882812, 838.9400024414062
2023-02-05 16:33:52.675267, 835.6500244140625, 829.070068359375, 857.0347290039062, 845.5198974609375
2023-02-05 16:33:52.675465, 829.070068359375, 819.2001953125, 848.8098754882812, 845.5198974609375
2023-02-05 16:33:52.675622, 829.070068359375, 819.2001953125, 845.5198974609375, 843.8749389648438
2023-02-05 16:33:52.675728, 832.3600463867188, 822.4901733398438, 855.3897705078125, 835.6500244140625
2023-02-05 16:33:52.675852, 829.070068359375, 827.4251098632812, 847.1648559570312, 837.2949829101562
2023-02-05 16:33:52.675983, 829.070068359375, 824.1351318359375, 850.454833984375, 834.0050048828125
2023-02-05 16:33:52.676109, 829.070068359375, 827.4251098632812, 852.0997924804688, 835.6500244140625
2023-02-05 16:33:52.676250, 832.3600463867188, 825.7801513671875, 850.454833984375, 840.5849609375
2023-02-05 16:33:52.676425, 830.715087890625, 819.2001953125, 850.454833984375, 835.6500244140625
2023-02-05 16:33:52.676543, 824.1351318359375, 820.84521484375, 850.454833984375, 835.6500244140625
2023-02-05 16:33:52.676678, 827.4251098632812, 824.1351318359375, 848.8098754882812, 835.6500244140625
2023-02-05 16:33:52.676806, 824.1351318359375, 827.4251098632812, 843.8749389648438, 840.5849609375
2023-02-05 16:33:52.741170, 832.3600463867188, 829.070068359375, 852.0997924804688, 842.2299194335938
2023-02-05 16:33:52.741392, 830.715087890625, 827.4251098632812, 852.0997924804688, 837.2949829101562
2023-02-05 16:33:52.741564, 829.070068359375, 825.7801513671875, 850.454833984375, 830.715087890625
2023-02-05 16:33:52.741722, 830.715087890625, 814.2652587890625, 850.454833984375, 840.5849609375
2023-02-05 16:33:52.741875, 824.1351318359375, 820.84521484375, 847.1648559570312, 838.9400024414062
2023-02-05 16:33:52.742130, 827.4251098632812, 829.070068359375, 840.5849609375, 840.5849609375
2023-02-05 16:33:52.742376, 825.7801513671875, 827.4251098632812, 838.9400024414062, 835.6500244140625
2023-02-05 16:33:52.742566, 827.4251098632812, 829.070068359375, 852.0997924804688, 832.3600463867188
2023-02-05 16:33:52.742817, 829.070068359375, 830.715087890625, 857.0347290039062, 837.2949829101562
2023-02-05 16:33:52.742995, 830.715087890625, 827.4251098632812, 855.3897705078125, 837.2949829101562
2023-02-05 16:33:52.743131, 834.0050048828125, 829.070068359375, 855.3897705078125, 845.5198974609375
2023-02-05 16:33:52.743257, 832.3600463867188, 834.0050048828125, 845.5198974609375, 842.2299194335938
2023-02-05 16:33:52.743379, 830.715087890625, 827.4251098632812, 845.5198974609375, 827.4251098632812
2023-02-05 16:33:52.743501, 830.715087890625, 832.3600463867188, 843.8749389648438, 827.4251098632812
2023-02-05 16:33:52.743619, 822.4901733398438, 832.3600463867188, 847.1648559570312, 822.4901733398438
2023-02-05 16:33:52.743736, 824.1351318359375, 827.4251098632812, 845.5198974609375, 824.1351318359375
2023-02-05 16:33:52.744404, 832.3600463867188, 830.715087890625, 843.8749389648438, 835.6500244140625
2023-02-05 16:33:52.744554, 825.7801513671875, 829.070068359375, 835.6500244140625, 830.715087890625
2023-02-05 16:33:52.744832, 829.070068359375, 824.1351318359375, 845.5198974609375, 834.0050048828125
2023-02-05 16:33:52.744966, 832.3600463867188, 829.070068359375, 845.5198974609375, 837.2949829101562
2023-02-05 16:33:52.745184, 830.715087890625, 827.4251098632812, 852.0997924804688, 838.9400024414062
2023-02-05 16:33:52.745314, 830.715087890625, 824.1351318359375, 853.7448120117188, 834.0050048828125
2023-02-05 16:33:52.745462, 834.0050048828125, 829.070068359375, 847.1648559570312, 835.6500244140625
2023-02-05 16:33:52.745612, 825.7801513671875, 832.3600463867188, 847.1648559570312, 835.6500244140625
2023-02-05 16:33:52.745828, 827.4251098632812, 832.3600463867188, 847.1648559570312, 838.9400024414062
2023-02-05 16:33:52.745950, 832.3600463867188, 835.6500244140625, 845.5198974609375, 840.5849609375
2023-02-05 16:33:52.746069, 825.7801513671875, 825.7801513671875, 853.7448120117188, 835.6500244140625
2023-02-05 16:33:52.746186, 830.715087890625, 820.84521484375, 852.0997924804688, 845.5198974609375
2023-02-05 16:33:52.746389, 832.3600463867188, 829.070068359375, 850.454833984375, 837.2949829101562
2023-02-05 16:33:52.746511, 829.070068359375, 830.715087890625, 847.1648559570312, 834.0050048828125
2023-02-05 16:33:52.746629, 827.4251098632812, 829.070068359375, 845.5198974609375, 834.0050048828125
2023-02-05 16:33:52.746747, 834.0050048828125, 827.4251098632812, 850.454833984375, 832.3600463867188
2023-02-05 16:33:52.904005, 834.0050048828125, 832.3600463867188, 847.1648559570312, 834.0050048828125
2023-02-05 16:33:52.904221, 840.5849609375, 830.715087890625, 840.5849609375, 838.9400024414062
2023-02-05 16:33:52.904384, 838.9400024414062, 825.7801513671875, 842.2299194335938, 842.2299194335938
2023-02-05 16:33:52.904540, 835.6500244140625, 830.715087890625, 843.8749389648438, 832.3600463867188
2023-02-05 16:33:52.904693, 832.3600463867188, 830.715087890625, 847.1648559570312, 835.6500244140625
2023-02-05 16:33:52.904844, 834.0050048828125, 827.4251098632812, 845.5198974609375, 835.6500244140625
2023-02-05 16:33:52.904994, 834.0050048828125, 825.7801513671875, 845.5198974609375, 827.4251098632812
2023-02-05 16:33:52.905143, 829.070068359375, 827.4251098632812, 847.1648559570312, 829.070068359375
2023-02-05 16:33:52.905300, 832.3600463867188, 827.4251098632812, 843.8749389648438, 829.070068359375
2023-02-05 16:33:52.905418, 832.3600463867188, 825.7801513671875, 842.2299194335938, 827.4251098632812
2023-02-05 16:33:52.905536, 830.715087890625, 824.1351318359375, 842.2299194335938, 825.7801513671875
2023-02-05 16:33:52.905654, 829.070068359375, 825.7801513671875, 850.454833984375, 825.7801513671875
2023-02-05 16:33:52.905770, 832.3600463867188, 835.6500244140625, 847.1648559570312, 824.1351318359375
2023-02-05 16:33:52.905886, 832.3600463867188, 834.0050048828125, 850.454833984375, 827.4251098632812
2023-02-05 16:33:52.906003, 830.715087890625, 820.84521484375, 845.5198974609375, 835.6500244140625
2023-02-05 16:33:52.906125, 830.715087890625, 815.9102783203125, 834.0050048828125, 832.3600463867188
2023-02-05 16:33:53.058071, 834.0050048828125, 830.715087890625, 835.6500244140625, 830.715087890625
2023-02-05 16:33:53.058197, 829.070068359375, 834.0050048828125, 842.2299194335938, 825.7801513671875
2023-02-05 16:33:53.058377, 827.4251098632812, 829.070068359375, 853.7448120117188, 825.7801513671875
2023-02-05 16:33:53.058518, 829.070068359375, 822.4901733398438, 858.6797485351562, 830.715087890625
2023-02-05 16:33:53.058684, 824.1351318359375, 820.84521484375, 855.3897705078125, 830.715087890625
2023-02-05 16:33:53.058829, 829.070068359375, 827.4251098632812, 850.454833984375, 838.9400024414062
2023-02-05 16:33:53.058995, 829.070068359375, 834.0050048828125, 848.8098754882812, 834.0050048828125
2023-02-05 16:33:53.059131, 830.715087890625, 829.070068359375, 843.8749389648438, 834.0050048828125
2023-02-05 16:33:53.059325, 832.3600463867188, 825.7801513671875, 847.1648559570312, 838.9400024414062
2023-02-05 16:33:53.059453, 830.715087890625, 824.1351318359375, 848.8098754882812, 830.715087890625
2023-02-05 16:33:53.059592, 835.6500244140625, 819.2001953125, 848.8098754882812, 838.9400024414062
2023-02-05 16:33:53.059726, 835.6500244140625, 827.4251098632812, 847.1648559570312, 840.5849609375
2023-02-05 16:33:53.059922, 835.6500244140625, 820.84521484375, 843.8749389648438, 834.0050048828125
2023-02-05 16:33:53.060045, 834.0050048828125, 829.070068359375, 843.8749389648438, 838.9400024414062
2023-02-05 16:33:53.060218, 830.715087890625, 830.715087890625, 840.5849609375, 834.0050048828125
2023-02-05 16:33:53.060348, 829.070068359375, 824.1351318359375, 850.454833984375, 832.3600463867188
2023-02-05 16:33:53.060527, 825.7801513671875, 830.715087890625, 855.3897705078125, 835.6500244140625
2023-02-05 16:33:53.061021, 829.070068359375, 830.715087890625, 852.0997924804688, 838.9400024414062
2023-02-05 16:33:53.061495, 824.1351318359375, 825.7801513671875, 848.8098754882812, 834.0050048828125
2023-02-05 16:33:53.061593, 827.4251098632812, 819.2001953125, 850.454833984375, 830.715087890625
2023-02-05 16:33:53.061681, 825.7801513671875, 825.7801513671875, 852.0997924804688, 832.3600463867188
2023-02-05 16:33:53.061767, 822.4901733398438, 827.4251098632812, 858.6797485351562, 829.070068359375
2023-02-05 16:33:53.061851, 824.1351318359375, 829.070068359375, 858.6797485351562, 830.715087890625
2023-02-05 16:33:53.061935, 824.1351318359375, 830.715087890625, 852.0997924804688, 834.0050048828125
2023-02-05 16:33:53.062109, 825.7801513671875, 825.7801513671875, 850.454833984375, 835.6500244140625
2023-02-05 16:33:53.062255, 822.4901733398438, 832.3600463867188, 853.7448120117188, 825.7801513671875
2023-02-05 16:33:53.062413, 819.2001953125, 834.0050048828125, 853.7448120117188, 820.84521484375
2023-02-05 16:33:53.062543, 815.9102783203125, 834.0050048828125, 850.454833984375, 822.4901733398438
2023-02-05 16:33:53.062719, 815.9102783203125, 835.6500244140625, 852.0997924804688, 819.2001953125
2023-02-05 16:33:53.062836, 809.330322265625, 832.3600463867188, 853.7448120117188, 810.9752807617188
2023-02-05 16:33:53.062988, 802.7504272460938, 835.6500244140625, 848.8098754882812, 801.1054077148438
2023-02-05 16:33:53.063109, 797.8154907226562, 837.2949829101562, 852.0997924804688, 792.8805541992188
2023-02-05 16:33:53.063296, 789.590576171875, 838.9400024414062, 855.3897705078125, 792.8805541992188
2023-02-05 16:33:53.177602, 768.205810546875, 835.6500244140625, 855.3897705078125, 783.0106201171875
2023-02-05 16:33:53.177772, 753.4010009765625, 830.715087890625, 858.6797485351562, 768.205810546875
2023-02-05 16:33:53.177891, 743.5311279296875, 830.715087890625, 861.9697265625, 756.6909790039062
2023-02-05 16:33:53.178039, 732.0162353515625, 830.715087890625, 860.32470703125, 741.8861083984375
2023-02-05 16:33:53.178130, 723.7913208007812, 837.2949829101562, 861.9697265625, 733.6612548828125
2023-02-05 16:33:53.178204, 713.9214477539062, 837.2949829101562, 860.32470703125, 725.4363403320312
2023-02-05 16:33:53.178277, 704.0515747070312, 842.2299194335938, 857.0347290039062, 717.21142578125
2023-02-05 16:33:53.178400, 702.4066162109375, 837.2949829101562, 860.32470703125, 712.2764892578125
2023-02-05 16:33:53.178474, 700.7615966796875, 834.0050048828125, 861.9697265625, 708.9865112304688
2023-02-05 16:33:53.178547, 689.2467651367188, 835.6500244140625, 861.9697265625, 700.7615966796875
2023-02-05 16:33:53.178618, 692.5367431640625, 837.2949829101562, 865.2596435546875, 697.4716796875
2023-02-05 16:33:53.178690, 699.1166381835938, 838.9400024414062, 863.6146850585938, 707.341552734375
2023-02-05 16:33:53.178761, 699.1166381835938, 838.9400024414062, 852.0997924804688, 702.4066162109375
2023-02-05 16:33:53.178832, 700.7615966796875, 838.9400024414062, 863.6146850585938, 704.0515747070312
2023-02-05 16:33:53.178903, 700.7615966796875, 835.6500244140625, 860.32470703125, 710.6315307617188
2023-02-05 16:33:53.178974, 699.1166381835938, 838.9400024414062, 861.9697265625, 715.5664672851562
2023-02-05 16:33:53.179317, 717.21142578125, 834.0050048828125, 875.1295166015625, 728.726318359375
2023-02-05 16:33:53.179392, 718.8563842773438, 827.4251098632812, 860.32470703125, 730.3712768554688
2023-02-05 16:33:53.179465, 727.081298828125, 825.7801513671875, 865.2596435546875, 736.951171875
2023-02-05 16:33:53.179537, 736.951171875, 829.070068359375, 861.9697265625, 748.466064453125
2023-02-05 16:33:53.179608, 738.59619140625, 832.3600463867188, 865.2596435546875, 750.1110229492188
2023-02-05 16:33:53.179680, 751.7560424804688, 827.4251098632812, 863.6146850585938, 761.6259155273438
2023-02-05 16:33:53.179751, 755.0459594726562, 829.070068359375, 865.2596435546875, 759.9808959960938
2023-02-05 16:33:53.179822, 759.9808959960938, 830.715087890625, 866.9046630859375, 766.5608520507812
2023-02-05 16:33:53.179893, 771.4957885742188, 829.070068359375, 853.7448120117188, 783.0106201171875
2023-02-05 16:33:53.179965, 778.07568359375, 830.715087890625, 852.0997924804688, 784.6556396484375
2023-02-05 16:33:53.180035, 779.720703125, 834.0050048828125, 858.6797485351562, 781.3656616210938
2023-02-05 16:33:53.180173, 787.945556640625, 829.070068359375, 853.7448120117188, 791.2355346679688
2023-02-05 16:33:53.180244, 792.8805541992188, 827.4251098632812, 857.0347290039062, 794.5255126953125
2023-02-05 16:33:53.180315, 799.46044921875, 822.4901733398438, 847.1648559570312, 806.0403442382812
2023-02-05 16:33:53.180386, 810.9752807617188, 822.4901733398438, 843.8749389648438, 820.84521484375
2023-02-05 16:33:53.180457, 809.330322265625, 830.715087890625, 848.8098754882812, 810.9752807617188
2023-02-05 16:33:53.332295, 815.9102783203125, 824.1351318359375, 850.454833984375, 819.2001953125
2023-02-05 16:33:53.332464, 820.84521484375, 822.4901733398438, 847.1648559570312, 834.0050048828125
2023-02-05 16:33:53.332600, 832.3600463867188, 830.715087890625, 840.5849609375, 843.8749389648438
2023-02-05 16:33:53.332821, 837.2949829101562, 834.0050048828125, 838.9400024414062, 847.1648559570312
2023-02-05 16:33:53.332919, 847.1648559570312, 838.9400024414062, 842.2299194335938, 857.0347290039062
2023-02-05 16:33:53.333084, 848.8098754882812, 834.0050048828125, 835.6500244140625, 853.7448120117188
2023-02-05 16:33:53.333238, 850.454833984375, 824.1351318359375, 832.3600463867188, 848.8098754882812
2023-02-05 16:33:53.333432, 857.0347290039062, 830.715087890625, 835.6500244140625, 853.7448120117188
2023-02-05 16:33:53.333542, 863.6146850585938, 834.0050048828125, 834.0050048828125, 857.0347290039062
2023-02-05 16:33:53.333686, 863.6146850585938, 829.070068359375, 837.2949829101562, 868.5496215820312
2023-02-05 16:33:53.333831, 868.5496215820312, 822.4901733398438, 838.9400024414062, 876.7745361328125
2023-02-05 16:33:53.334024, 871.839599609375, 820.84521484375, 838.9400024414062, 883.3544311523438
2023-02-05 16:33:53.334114, 871.839599609375, 822.4901733398438, 840.5849609375, 878.4194946289062
2023-02-05 16:33:53.334250, 876.7745361328125, 824.1351318359375, 838.9400024414062, 876.7745361328125
2023-02-05 16:33:53.334396, 875.1295166015625, 825.7801513671875, 835.6500244140625, 884.9994506835938
2023-02-05 16:33:53.334604, 880.064453125, 822.4901733398438, 837.2949829101562, 884.9994506835938
2023-02-05 16:33:53.335140, 886.6444091796875, 822.4901733398438, 838.9400024414062, 891.579345703125
2023-02-05 16:33:53.335305, 891.579345703125, 814.2652587890625, 840.5849609375, 898.1592407226562
2023-02-05 16:33:53.335389, 889.9343872070312, 820.84521484375, 845.5198974609375, 894.8693237304688
2023-02-05 16:33:53.335566, 891.579345703125, 829.070068359375, 843.8749389648438, 893.2243041992188
2023-02-05 16:33:53.335756, 891.579345703125, 822.4901733398438, 848.8098754882812, 888.2893676757812
2023-02-05 16:33:53.335860, 891.579345703125, 820.84521484375, 842.2299194335938, 881.70947265625
2023-02-05 16:33:53.336012, 899.8042602539062, 817.5552368164062, 845.5198974609375, 888.2893676757812
2023-02-05 16:33:53.336171, 894.8693237304688, 819.2001953125, 842.2299194335938, 893.2243041992188
2023-02-05 16:33:53.336301, 898.1592407226562, 822.4901733398438, 843.8749389648438, 896.5142822265625
2023-02-05 16:33:53.336451, 896.5142822265625, 819.2001953125, 843.8749389648438, 899.8042602539062
2023-02-05 16:33:53.336602, 889.9343872070312, 815.9102783203125, 838.9400024414062, 898.1592407226562
2023-02-05 16:33:53.336789, 894.8693237304688, 814.2652587890625, 842.2299194335938, 899.8042602539062
2023-02-05 16:33:53.336925, 889.9343872070312, 815.9102783203125, 842.2299194335938, 904.7391967773438
2023-02-05 16:33:53.337025, 896.5142822265625, 822.4901733398438, 847.1648559570312, 901.44921875
2023-02-05 16:33:53.337168, 894.8693237304688, 822.4901733398438, 850.454833984375, 898.1592407226562
2023-02-05 16:33:53.337344, 893.2243041992188, 820.84521484375, 852.0997924804688, 903.09423828125
2023-02-05 16:33:53.470125, 894.8693237304688, 822.4901733398438, 848.8098754882812, 898.1592407226562
2023-02-05 16:33:53.470293, 891.579345703125, 815.9102783203125, 848.8098754882812, 899.8042602539062
2023-02-05 16:33:53.470413, 898.1592407226562, 815.9102783203125, 837.2949829101562, 903.09423828125
2023-02-05 16:33:53.470639, 894.8693237304688, 815.9102783203125, 825.7801513671875, 903.09423828125
2023-02-05 16:33:53.470752, 889.9343872070312, 819.2001953125, 848.8098754882812, 893.2243041992188
2023-02-05 16:33:53.470897, 891.579345703125, 822.4901733398438, 843.8749389648438, 889.9343872070312
2023-02-05 16:33:53.471116, 888.2893676757812, 824.1351318359375, 868.5496215820312, 880.064453125
2023-02-05 16:33:53.471319, 883.3544311523438, 825.7801513671875, 861.9697265625, 883.3544311523438
2023-02-05 16:33:53.471437, 884.9994506835938, 819.2001953125, 852.0997924804688, 886.6444091796875
2023-02-05 16:33:53.471575, 883.3544311523438, 817.5552368164062, 855.3897705078125, 886.6444091796875
2023-02-05 16:33:53.471739, 883.3544311523438, 817.5552368164062, 847.1648559570312, 886.6444091796875
2023-02-05 16:33:53.471942, 888.2893676757812, 814.2652587890625, 845.5198974609375, 893.2243041992188
2023-02-05 16:33:53.472073, 884.9994506835938, 815.9102783203125, 845.5198974609375, 889.9343872070312
2023-02-05 16:33:53.472242, 881.70947265625, 824.1351318359375, 845.5198974609375, 886.6444091796875
2023-02-05 16:33:53.472452, 883.3544311523438, 825.7801513671875, 848.8098754882812, 888.2893676757812
2023-02-05 16:33:53.472700, 883.3544311523438, 824.1351318359375, 845.5198974609375, 881.70947265625
2023-02-05 16:33:53.473254, 878.4194946289062, 820.84521484375, 847.1648559570312, 884.9994506835938
2023-02-05 16:33:53.473399, 876.7745361328125, 817.5552368164062, 843.8749389648438, 883.3544311523438
2023-02-05 16:33:53.473517, 876.7745361328125, 819.2001953125, 838.9400024414062, 883.3544311523438
2023-02-05 16:33:53.473726, 868.5496215820312, 819.2001953125, 842.2299194335938, 876.7745361328125
2023-02-05 16:33:53.473969, 870.194580078125, 822.4901733398438, 852.0997924804688, 880.064453125
2023-02-05 16:33:53.474286, 865.2596435546875, 819.2001953125, 853.7448120117188, 875.1295166015625
2023-02-05 16:33:53.474426, 861.9697265625, 820.84521484375, 855.3897705078125, 876.7745361328125
2023-02-05 16:33:53.474534, 863.6146850585938, 822.4901733398438, 850.454833984375, 871.839599609375
2023-02-05 16:33:53.474688, 861.9697265625, 819.2001953125, 850.454833984375, 868.5496215820312
2023-02-05 16:33:53.474839, 860.32470703125, 822.4901733398438, 855.3897705078125, 871.839599609375
2023-02-05 16:33:53.474990, 861.9697265625, 819.2001953125, 852.0997924804688, 873.4845581054688
2023-02-05 16:33:53.475140, 858.6797485351562, 822.4901733398438, 840.5849609375, 875.1295166015625
2023-02-05 16:33:53.475289, 855.3897705078125, 824.1351318359375, 847.1648559570312, 871.839599609375
2023-02-05 16:33:53.475396, 858.6797485351562, 822.4901733398438, 853.7448120117188, 860.32470703125
2023-02-05 16:33:53.475514, 861.9697265625, 820.84521484375, 848.8098754882812, 852.0997924804688
2023-02-05 16:33:53.475670, 863.6146850585938, 819.2001953125, 852.0997924804688, 855.3897705078125
2023-02-05 16:33:53.566074, 860.32470703125, 827.4251098632812, 848.8098754882812, 857.0347290039062
2023-02-05 16:33:53.566249, 857.0347290039062, 830.715087890625, 845.5198974609375, 865.2596435546875
2023-02-05 16:33:53.566443, 857.0347290039062, 829.070068359375, 848.8098754882812, 865.2596435546875
2023-02-05 16:33:53.566570, 853.7448120117188, 824.1351318359375, 860.32470703125, 858.6797485351562
2023-02-05 16:33:53.566730, 857.0347290039062, 822.4901733398438, 855.3897705078125, 857.0347290039062
2023-02-05 16:33:53.566912, 853.7448120117188, 809.330322265625, 855.3897705078125, 858.6797485351562
2023-02-05 16:33:53.567083, 852.0997924804688, 819.2001953125, 847.1648559570312, 861.9697265625
2023-02-05 16:33:53.567242, 855.3897705078125, 825.7801513671875, 838.9400024414062, 861.9697265625
2023-02-05 16:33:53.567360, 848.8098754882812, 824.1351318359375, 850.454833984375, 853.7448120117188
2023-02-05 16:33:53.567522, 848.8098754882812, 832.3600463867188, 855.3897705078125, 853.7448120117188
2023-02-05 16:33:53.567640, 850.454833984375, 824.1351318359375, 858.6797485351562, 850.454833984375
2023-02-05 16:33:53.567758, 842.2299194335938, 825.7801513671875, 855.3897705078125, 845.5198974609375
2023-02-05 16:33:53.567923, 845.5198974609375, 827.4251098632812, 853.7448120117188, 857.0347290039062
2023-02-05 16:33:53.568040, 842.2299194335938, 824.1351318359375, 853.7448120117188, 853.7448120117188
2023-02-05 16:33:53.568159, 842.2299194335938, 819.2001953125, 858.6797485351562, 858.6797485351562
2023-02-05 16:33:53.568275, 848.8098754882812, 824.1351318359375, 847.1648559570312, 850.454833984375
2023-02-05 16:33:53.568452, 847.1648559570312, 820.84521484375, 847.1648559570312, 843.8749389648438
2023-02-05 16:33:53.568880, 850.454833984375, 824.1351318359375, 858.6797485351562, 848.8098754882812
2023-02-05 16:33:53.568999, 848.8098754882812, 822.4901733398438, 852.0997924804688, 845.5198974609375
2023-02-05 16:33:53.569153, 845.5198974609375, 824.1351318359375, 855.3897705078125, 855.3897705078125
2023-02-05 16:33:53.569307, 848.8098754882812, 829.070068359375, 850.454833984375, 852.0997924804688
2023-02-05 16:33:53.569446, 843.8749389648438, 820.84521484375, 847.1648559570312, 843.8749389648438
2023-02-05 16:33:53.569563, 845.5198974609375, 824.1351318359375, 853.7448120117188, 842.2299194335938
2023-02-05 16:33:53.569681, 845.5198974609375, 827.4251098632812, 853.7448120117188, 845.5198974609375
2023-02-05 16:33:53.569799, 842.2299194335938, 829.070068359375, 852.0997924804688, 847.1648559570312
2023-02-05 16:33:53.569918, 848.8098754882812, 825.7801513671875, 845.5198974609375, 850.454833984375
2023-02-05 16:33:53.570035, 845.5198974609375, 824.1351318359375, 845.5198974609375, 850.454833984375
2023-02-05 16:33:53.570152, 845.5198974609375, 822.4901733398438, 848.8098754882812, 848.8098754882812
2023-02-05 16:33:53.570269, 842.2299194335938, 822.4901733398438, 852.0997924804688, 848.8098754882812
2023-02-05 16:33:53.570386, 838.9400024414062, 819.2001953125, 855.3897705078125, 853.7448120117188
2023-02-05 16:33:53.570503, 842.2299194335938, 825.7801513671875, 855.3897705078125, 858.6797485351562
2023-02-05 16:33:53.570621, 838.9400024414062, 829.070068359375, 852.0997924804688, 857.0347290039062
2023-02-05 16:33:53.570737, 843.8749389648438, 825.7801513671875, 847.1648559570312, 860.32470703125
2023-02-05 16:33:53.623718, 838.9400024414062, 825.7801513671875, 848.8098754882812, 852.0997924804688
2023-02-05 16:33:53.623907, 843.8749389648438, 820.84521484375, 850.454833984375, 848.8098754882812
2023-02-05 16:33:53.624037, 840.5849609375, 822.4901733398438, 850.454833984375, 850.454833984375
2023-02-05 16:33:53.624160, 840.5849609375, 825.7801513671875, 848.8098754882812, 848.8098754882812
2023-02-05 16:33:53.624281, 843.8749389648438, 829.070068359375, 850.454833984375, 848.8098754882812
2023-02-05 16:33:53.624401, 838.9400024414062, 822.4901733398438, 853.7448120117188, 845.5198974609375
2023-02-05 16:33:53.624519, 837.2949829101562, 827.4251098632812, 848.8098754882812, 842.2299194335938
2023-02-05 16:33:53.624637, 837.2949829101562, 827.4251098632812, 852.0997924804688, 845.5198974609375
2023-02-05 16:33:53.624754, 840.5849609375, 822.4901733398438, 850.454833984375, 847.1648559570312
2023-02-05 16:33:53.624872, 837.2949829101562, 824.1351318359375, 852.0997924804688, 847.1648559570312
2023-02-05 16:33:53.624990, 837.2949829101562, 819.2001953125, 852.0997924804688, 847.1648559570312
2023-02-05 16:33:53.625108, 832.3600463867188, 814.2652587890625, 850.454833984375, 845.5198974609375
2023-02-05 16:33:53.625226, 838.9400024414062, 814.2652587890625, 850.454833984375, 847.1648559570312
2023-02-05 16:33:53.625343, 842.2299194335938, 822.4901733398438, 847.1648559570312, 847.1648559570312
2023-02-05 16:33:53.625461, 843.8749389648438, 827.4251098632812, 850.454833984375, 847.1648559570312
2023-02-05 16:33:53.625580, 840.5849609375, 830.715087890625, 853.7448120117188, 845.5198974609375
2023-02-05 16:33:53.778096, 843.8749389648438, 829.070068359375, 855.3897705078125, 847.1648559570312
2023-02-05 16:33:53.778305, 842.2299194335938, 824.1351318359375, 853.7448120117188, 838.9400024414062
2023-02-05 16:33:53.778492, 835.6500244140625, 817.5552368164062, 848.8098754882812, 845.5198974609375
2023-02-05 16:33:53.778601, 842.2299194335938, 817.5552368164062, 848.8098754882812, 857.0347290039062
2023-02-05 16:33:53.778689, 832.3600463867188, 819.2001953125, 855.3897705078125, 838.9400024414062
2023-02-05 16:33:53.778771, 835.6500244140625, 819.2001953125, 860.32470703125, 848.8098754882812
2023-02-05 16:33:53.778848, 830.715087890625, 829.070068359375, 857.0347290039062, 843.8749389648438
2023-02-05 16:33:53.778990, 829.070068359375, 827.4251098632812, 852.0997924804688, 838.9400024414062
2023-02-05 16:33:53.779130, 832.3600463867188, 825.7801513671875, 852.0997924804688, 842.2299194335938
2023-02-05 16:33:53.779275, 834.0050048828125, 827.4251098632812, 850.454833984375, 837.2949829101562
2023-02-05 16:33:53.779365, 837.2949829101562, 824.1351318359375, 852.0997924804688, 840.5849609375
2023-02-05 16:33:53.779447, 837.2949829101562, 825.7801513671875, 848.8098754882812, 842.2299194335938
2023-02-05 16:33:53.779525, 834.0050048828125, 824.1351318359375, 847.1648559570312, 847.1648559570312
2023-02-05 16:33:53.779616, 832.3600463867188, 822.4901733398438, 858.6797485351562, 834.0050048828125
2023-02-05 16:33:53.779696, 834.0050048828125, 830.715087890625, 861.9697265625, 838.9400024414062
2023-02-05 16:33:53.779770, 835.6500244140625, 827.4251098632812, 860.32470703125, 840.5849609375
2023-02-05 16:33:53.904206, 837.2949829101562, 825.7801513671875, 858.6797485351562, 840.5849609375
2023-02-05 16:33:53.904380, 842.2299194335938, 829.070068359375, 853.7448120117188, 842.2299194335938
2023-02-05 16:33:53.904578, 837.2949829101562, 825.7801513671875, 852.0997924804688, 838.9400024414062
2023-02-05 16:33:53.904689, 835.6500244140625, 827.4251098632812, 855.3897705078125, 840.5849609375
2023-02-05 16:33:53.904833, 835.6500244140625, 829.070068359375, 850.454833984375, 837.2949829101562
2023-02-05 16:33:53.904943, 834.0050048828125, 830.715087890625, 845.5198974609375, 835.6500244140625
2023-02-05 16:33:53.905205, 835.6500244140625, 829.070068359375, 852.0997924804688, 832.3600463867188
2023-02-05 16:33:53.905315, 840.5849609375, 830.715087890625, 850.454833984375, 830.715087890625
2023-02-05 16:33:53.905400, 835.6500244140625, 829.070068359375, 852.0997924804688, 830.715087890625
2023-02-05 16:33:53.905528, 834.0050048828125, 820.84521484375, 852.0997924804688, 834.0050048828125
2023-02-05 16:33:53.905710, 832.3600463867188, 824.1351318359375, 850.454833984375, 840.5849609375
2023-02-05 16:33:53.905846, 832.3600463867188, 830.715087890625, 848.8098754882812, 842.2299194335938
2023-02-05 16:33:53.905976, 832.3600463867188, 829.070068359375, 847.1648559570312, 838.9400024414062
2023-02-05 16:33:53.906104, 832.3600463867188, 830.715087890625, 838.9400024414062, 835.6500244140625
2023-02-05 16:33:53.906284, 834.0050048828125, 829.070068359375, 847.1648559570312, 840.5849609375
2023-02-05 16:33:53.906398, 830.715087890625, 827.4251098632812, 850.454833984375, 834.0050048828125
2023-02-05 16:33:53.906891, 830.715087890625, 824.1351318359375, 848.8098754882812, 824.1351318359375
2023-02-05 16:33:53.907010, 830.715087890625, 822.4901733398438, 857.0347290039062, 825.7801513671875
2023-02-05 16:33:53.907186, 830.715087890625, 827.4251098632812, 850.454833984375, 825.7801513671875
2023-02-05 16:33:53.907296, 830.715087890625, 824.1351318359375, 855.3897705078125, 834.0050048828125
2023-02-05 16:33:53.907425, 825.7801513671875, 822.4901733398438, 850.454833984375, 838.9400024414062
2023-02-05 16:33:53.907550, 832.3600463867188, 825.7801513671875, 842.2299194335938, 840.5849609375
2023-02-05 16:33:53.907743, 832.3600463867188, 825.7801513671875, 852.0997924804688, 840.5849609375
2023-02-05 16:33:53.907836, 834.0050048828125, 832.3600463867188, 855.3897705078125, 840.5849609375
2023-02-05 16:33:53.908094, 837.2949829101562, 834.0050048828125, 857.0347290039062, 838.9400024414062
2023-02-05 16:33:53.908192, 834.0050048828125, 830.715087890625, 853.7448120117188, 834.0050048828125
2023-02-05 16:33:53.908469, 837.2949829101562, 825.7801513671875, 848.8098754882812, 835.6500244140625
2023-02-05 16:33:53.908585, 842.2299194335938, 824.1351318359375, 845.5198974609375, 837.2949829101562
2023-02-05 16:33:53.908738, 842.2299194335938, 825.7801513671875, 850.454833984375, 842.2299194335938
2023-02-05 16:33:53.908879, 842.2299194335938, 829.070068359375, 847.1648559570312, 842.2299194335938
2023-02-05 16:33:53.909072, 840.5849609375, 824.1351318359375, 842.2299194335938, 843.8749389648438
2023-02-05 16:33:53.909208, 837.2949829101562, 825.7801513671875, 855.3897705078125, 842.2299194335938
2023-02-05 16:33:54.022935, 830.715087890625, 830.715087890625, 855.3897705078125, 838.9400024414062
2023-02-05 16:33:54.023352, 830.715087890625, 825.7801513671875, 853.7448120117188, 843.8749389648438
2023-02-05 16:33:54.023497, 832.3600463867188, 825.7801513671875, 852.0997924804688, 845.5198974609375
2023-02-05 16:33:54.023629, 832.3600463867188, 824.1351318359375, 847.1648559570312, 845.5198974609375
2023-02-05 16:33:54.023794, 830.715087890625, 825.7801513671875, 840.5849609375, 840.5849609375
2023-02-05 16:33:54.023908, 835.6500244140625, 829.070068359375, 843.8749389648438, 837.2949829101562
2023-02-05 16:33:54.024081, 834.0050048828125, 825.7801513671875, 852.0997924804688, 835.6500244140625
2023-02-05 16:33:54.024213, 834.0050048828125, 829.070068359375, 848.8098754882812, 830.715087890625
2023-02-05 16:33:54.024348, 834.0050048828125, 829.070068359375, 853.7448120117188, 837.2949829101562
2023-02-05 16:33:54.024478, 827.4251098632812, 827.4251098632812, 852.0997924804688, 834.0050048828125
2023-02-05 16:33:54.024660, 827.4251098632812, 827.4251098632812, 845.5198974609375, 830.715087890625
2023-02-05 16:33:54.024775, 824.1351318359375, 824.1351318359375, 843.8749389648438, 829.070068359375
2023-02-05 16:33:54.024917, 827.4251098632812, 824.1351318359375, 838.9400024414062, 830.715087890625
2023-02-05 16:33:54.025057, 827.4251098632812, 827.4251098632812, 840.5849609375, 825.7801513671875
2023-02-05 16:33:54.025281, 827.4251098632812, 824.1351318359375, 847.1648559570312, 830.715087890625
2023-02-05 16:33:54.025380, 830.715087890625, 820.84521484375, 845.5198974609375, 835.6500244140625
2023-02-05 16:33:54.026002, 827.4251098632812, 820.84521484375, 852.0997924804688, 825.7801513671875
2023-02-05 16:33:54.026112, 830.715087890625, 829.070068359375, 848.8098754882812, 834.0050048828125
2023-02-05 16:33:54.026304, 834.0050048828125, 825.7801513671875, 840.5849609375, 832.3600463867188
2023-02-05 16:33:54.026430, 838.9400024414062, 825.7801513671875, 842.2299194335938, 837.2949829101562
2023-02-05 16:33:54.026554, 837.2949829101562, 824.1351318359375, 850.454833984375, 845.5198974609375
2023-02-05 16:33:54.026706, 838.9400024414062, 825.7801513671875, 850.454833984375, 845.5198974609375
2023-02-05 16:33:54.026882, 837.2949829101562, 825.7801513671875, 850.454833984375, 847.1648559570312
2023-02-05 16:33:54.027016, 834.0050048828125, 824.1351318359375, 850.454833984375, 843.8749389648438
2023-02-05 16:33:54.027139, 838.9400024414062, 820.84521484375, 840.5849609375, 853.7448120117188
2023-02-05 16:33:54.027268, 835.6500244140625, 824.1351318359375, 848.8098754882812, 853.7448120117188
2023-02-05 16:33:54.027472, 837.2949829101562, 820.84521484375, 847.1648559570312, 850.454833984375
2023-02-05 16:33:54.027592, 838.9400024414062, 824.1351318359375, 837.2949829101562, 843.8749389648438
2023-02-05 16:33:54.027717, 830.715087890625, 825.7801513671875, 843.8749389648438, 830.715087890625
2023-02-05 16:33:54.027874, 834.0050048828125, 825.7801513671875, 858.6797485351562, 837.2949829101562
2023-02-05 16:33:54.028065, 834.0050048828125, 827.4251098632812, 853.7448120117188, 842.2299194335938
2023-02-05 16:33:54.028183, 832.3600463867188, 819.2001953125, 853.7448120117188, 842.2299194335938
2023-02-05 16:33:54.162780, 834.0050048828125, 815.9102783203125, 848.8098754882812, 838.9400024414062
2023-02-05 16:33:54.162944, 834.0050048828125, 822.4901733398438, 845.5198974609375, 835.6500244140625
2023-02-05 16:33:54.163071, 832.3600463867188, 825.7801513671875, 850.454833984375, 834.0050048828125
2023-02-05 16:33:54.163192, 835.6500244140625, 822.4901733398438, 847.1648559570312, 838.9400024414062
2023-02-05 16:33:54.163310, 837.2949829101562, 817.5552368164062, 847.1648559570312, 838.9400024414062
2023-02-05 16:33:54.163426, 838.9400024414062, 817.5552368164062, 847.1648559570312, 838.9400024414062
2023-02-05 16:33:54.163542, 840.5849609375, 825.7801513671875, 845.5198974609375, 840.5849609375
2023-02-05 16:33:54.163658, 842.2299194335938, 829.070068359375, 842.2299194335938, 845.5198974609375
2023-02-05 16:33:54.163774, 840.5849609375, 829.070068359375, 845.5198974609375, 843.8749389648438
2023-02-05 16:33:54.163888, 840.5849609375, 822.4901733398438, 845.5198974609375, 845.5198974609375
2023-02-05 16:33:54.164004, 843.8749389648438, 824.1351318359375, 838.9400024414062, 845.5198974609375
2023-02-05 16:33:54.164118, 840.5849609375, 822.4901733398438, 832.3600463867188, 845.5198974609375
2023-02-05 16:33:54.164233, 832.3600463867188, 824.1351318359375, 848.8098754882812, 842.2299194335938
2023-02-05 16:33:54.164348, 830.715087890625, 825.7801513671875, 855.3897705078125, 838.9400024414062
2023-02-05 16:33:54.164462, 832.3600463867188, 822.4901733398438, 852.0997924804688, 838.9400024414062
2023-02-05 16:33:54.164576, 832.3600463867188, 824.1351318359375, 850.454833984375, 832.3600463867188
2023-02-05 16:33:54.164691, 835.6500244140625, 825.7801513671875, 845.5198974609375, 838.9400024414062
2023-02-05 16:33:54.165049, 832.3600463867188, 822.4901733398438, 847.1648559570312, 838.9400024414062
2023-02-05 16:33:54.165166, 832.3600463867188, 824.1351318359375, 853.7448120117188, 840.5849609375
2023-02-05 16:33:54.165283, 835.6500244140625, 820.84521484375, 845.5198974609375, 840.5849609375
2023-02-05 16:33:54.165399, 834.0050048828125, 824.1351318359375, 845.5198974609375, 840.5849609375
2023-02-05 16:33:54.165514, 834.0050048828125, 827.4251098632812, 852.0997924804688, 843.8749389648438
2023-02-05 16:33:54.165629, 830.715087890625, 825.7801513671875, 848.8098754882812, 835.6500244140625
2023-02-05 16:33:54.165757, 830.715087890625, 827.4251098632812, 845.5198974609375, 834.0050048828125
2023-02-05 16:33:54.165848, 834.0050048828125, 820.84521484375, 842.2299194335938, 835.6500244140625
2023-02-05 16:33:54.165939, 830.715087890625, 824.1351318359375, 845.5198974609375, 834.0050048828125
2023-02-05 16:33:54.166031, 834.0050048828125, 824.1351318359375, 848.8098754882812, 838.9400024414062
2023-02-05 16:33:54.166122, 829.070068359375, 825.7801513671875, 845.5198974609375, 830.715087890625
2023-02-05 16:33:54.166214, 827.4251098632812, 830.715087890625, 848.8098754882812, 827.4251098632812
2023-02-05 16:33:54.166305, 830.715087890625, 829.070068359375, 848.8098754882812, 830.715087890625
2023-02-05 16:33:54.166396, 830.715087890625, 829.070068359375, 850.454833984375, 830.715087890625
2023-02-05 16:33:54.166486, 830.715087890625, 824.1351318359375, 848.8098754882812, 834.0050048828125
2023-02-05 16:33:54.166576, 827.4251098632812, 829.070068359375, 850.454833984375, 835.6500244140625
2023-02-05 16:33:54.364638, 832.3600463867188, 832.3600463867188, 853.7448120117188, 835.6500244140625
2023-02-05 16:33:54.364812, 819.2001953125, 832.3600463867188, 855.3897705078125, 829.070068359375
2023-02-05 16:33:54.365047, 814.2652587890625, 832.3600463867188, 852.0997924804688, 817.5552368164062
2023-02-05 16:33:54.365221, 804.3953857421875, 832.3600463867188, 850.454833984375, 802.7504272460938
2023-02-05 16:33:54.365432, 792.8805541992188, 832.3600463867188, 850.454833984375, 794.5255126953125
2023-02-05 16:33:54.365573, 779.720703125, 834.0050048828125, 853.7448120117188, 784.6556396484375
2023-02-05 16:33:54.365701, 761.6259155273438, 832.3600463867188, 857.0347290039062, 764.9158325195312
2023-02-05 16:33:54.365825, 745.1760864257812, 832.3600463867188, 852.0997924804688, 755.0459594726562
2023-02-05 16:33:54.365945, 738.59619140625, 838.9400024414062, 852.0997924804688, 751.7560424804688
2023-02-05 16:33:54.366065, 732.0162353515625, 837.2949829101562, 852.0997924804688, 743.5311279296875
2023-02-05 16:33:54.366182, 723.7913208007812, 842.2299194335938, 852.0997924804688, 735.3062133789062
2023-02-05 16:33:54.366299, 710.6315307617188, 840.5849609375, 850.454833984375, 722.1463623046875
2023-02-05 16:33:54.366416, 707.341552734375, 838.9400024414062, 845.5198974609375, 713.9214477539062
2023-02-05 16:33:54.366532, 710.6315307617188, 845.5198974609375, 843.8749389648438, 713.9214477539062
2023-02-05 16:33:54.366650, 712.2764892578125, 840.5849609375, 848.8098754882812, 718.8563842773438
2023-02-05 16:33:54.366776, 717.21142578125, 837.2949829101562, 848.8098754882812, 720.5014038085938
2023-02-05 16:33:54.367023, 715.5664672851562, 840.5849609375, 847.1648559570312, 718.8563842773438
2023-02-05 16:33:54.367118, 720.5014038085938, 835.6500244140625, 850.454833984375, 730.3712768554688
2023-02-05 16:33:54.367214, 727.081298828125, 835.6500244140625, 847.1648559570312, 740.2411499023438
2023-02-05 16:33:54.367308, 732.0162353515625, 837.2949829101562, 838.9400024414062, 743.5311279296875
2023-02-05 16:33:54.367403, 743.5311279296875, 837.2949829101562, 853.7448120117188, 751.7560424804688
2023-02-05 16:33:54.367497, 748.466064453125, 834.0050048828125, 857.0347290039062, 753.4010009765625
2023-02-05 16:33:54.367591, 761.6259155273438, 837.2949829101562, 858.6797485351562, 766.5608520507812
2023-02-05 16:33:54.367702, 761.6259155273438, 837.2949829101562, 855.3897705078125, 778.07568359375
2023-02-05 16:33:54.367834, 773.1407470703125, 837.2949829101562, 843.8749389648438, 784.6556396484375
2023-02-05 16:33:54.368038, 779.720703125, 835.6500244140625, 853.7448120117188, 786.3005981445312
2023-02-05 16:33:54.368139, 781.3656616210938, 834.0050048828125, 852.0997924804688, 791.2355346679688
2023-02-05 16:33:54.368433, 791.2355346679688, 830.715087890625, 857.0347290039062, 802.7504272460938
2023-02-05 16:33:54.368539, 797.8154907226562, 829.070068359375, 855.3897705078125, 812.6203002929688
2023-02-05 16:33:54.368636, 794.5255126953125, 824.1351318359375, 852.0997924804688, 807.6853637695312
2023-02-05 16:33:54.368731, 801.1054077148438, 822.4901733398438, 853.7448120117188, 809.330322265625
2023-02-05 16:33:54.368854, 807.6853637695312, 819.2001953125, 843.8749389648438, 814.2652587890625
2023-02-05 16:33:54.542811, 809.330322265625, 820.84521484375, 838.9400024414062, 820.84521484375
2023-02-05 16:33:54.543114, 819.2001953125, 824.1351318359375, 847.1648559570312, 830.715087890625
2023-02-05 16:33:54.543336, 829.070068359375, 819.2001953125, 857.0347290039062, 834.0050048828125
2023-02-05 16:33:54.543487, 834.0050048828125, 820.84521484375, 852.0997924804688, 840.5849609375
2023-02-05 16:33:54.543633, 843.8749389648438, 824.1351318359375, 848.8098754882812, 848.8098754882812
2023-02-05 16:33:54.543779, 845.5198974609375, 820.84521484375, 848.8098754882812, 850.454833984375
2023-02-05 16:33:54.543923, 848.8098754882812, 825.7801513671875, 853.7448120117188, 857.0347290039062
2023-02-05 16:33:54.544066, 852.0997924804688, 827.4251098632812, 855.3897705078125, 857.0347290039062
2023-02-05 16:33:54.544210, 860.32470703125, 824.1351318359375, 852.0997924804688, 865.2596435546875
2023-02-05 16:33:54.544354, 868.5496215820312, 824.1351318359375, 847.1648559570312, 875.1295166015625
2023-02-05 16:33:54.544498, 873.4845581054688, 824.1351318359375, 843.8749389648438, 880.064453125
2023-02-05 16:33:54.544642, 870.194580078125, 825.7801513671875, 842.2299194335938, 875.1295166015625
2023-02-05 16:33:54.544786, 871.839599609375, 825.7801513671875, 850.454833984375, 875.1295166015625
2023-02-05 16:33:54.544929, 868.5496215820312, 817.5552368164062, 852.0997924804688, 873.4845581054688
2023-02-05 16:33:54.545072, 868.5496215820312, 819.2001953125, 850.454833984375, 873.4845581054688
2023-02-05 16:33:54.545215, 870.194580078125, 819.2001953125, 850.454833984375, 881.70947265625
2023-02-05 16:33:54.545662, 870.194580078125, 820.84521484375, 845.5198974609375, 878.4194946289062
2023-02-05 16:33:54.545810, 875.1295166015625, 822.4901733398438, 848.8098754882812, 880.064453125
2023-02-05 16:33:54.545926, 875.1295166015625, 814.2652587890625, 852.0997924804688, 886.6444091796875
2023-02-05 16:33:54.546040, 876.7745361328125, 814.2652587890625, 850.454833984375, 881.70947265625
2023-02-05 16:33:54.546154, 876.7745361328125, 820.84521484375, 845.5198974609375, 881.70947265625
2023-02-05 16:33:54.546268, 873.4845581054688, 822.4901733398438, 850.454833984375, 881.70947265625
2023-02-05 16:33:54.546381, 883.3544311523438, 825.7801513671875, 848.8098754882812, 886.6444091796875
2023-02-05 16:33:54.546495, 880.064453125, 820.84521484375, 847.1648559570312, 888.2893676757812
2023-02-05 16:33:54.546607, 881.70947265625, 817.5552368164062, 842.2299194335938, 884.9994506835938
2023-02-05 16:33:54.546721, 884.9994506835938, 815.9102783203125, 842.2299194335938, 886.6444091796875
2023-02-05 16:33:54.546835, 886.6444091796875, 819.2001953125, 852.0997924804688, 889.9343872070312
2023-02-05 16:33:54.546949, 888.2893676757812, 814.2652587890625, 847.1648559570312, 888.2893676757812
2023-02-05 16:33:54.547063, 888.2893676757812, 815.9102783203125, 852.0997924804688, 883.3544311523438
2023-02-05 16:33:54.547177, 888.2893676757812, 817.5552368164062, 848.8098754882812, 886.6444091796875
2023-02-05 16:33:54.547291, 889.9343872070312, 819.2001953125, 845.5198974609375, 888.2893676757812
2023-02-05 16:33:54.547406, 891.579345703125, 820.84521484375, 847.1648559570312, 893.2243041992188
2023-02-05 16:33:54.547772, 891.579345703125, 819.2001953125, 847.1648559570312, 893.2243041992188
2023-02-05 16:33:54.547970, 889.9343872070312, 817.5552368164062, 847.1648559570312, 891.579345703125
2023-02-05 16:33:54.548374, 888.2893676757812, 814.2652587890625, 845.5198974609375, 896.5142822265625
2023-02-05 16:33:54.548497, 880.064453125, 812.6203002929688, 843.8749389648438, 898.1592407226562
2023-02-05 16:33:54.548613, 876.7745361328125, 817.5552368164062, 845.5198974609375, 894.8693237304688
2023-02-05 16:33:54.548728, 883.3544311523438, 817.5552368164062, 845.5198974609375, 893.2243041992188
2023-02-05 16:33:54.548843, 876.7745361328125, 820.84521484375, 847.1648559570312, 886.6444091796875
2023-02-05 16:33:54.548957, 878.4194946289062, 820.84521484375, 852.0997924804688, 889.9343872070312
2023-02-05 16:33:54.549072, 871.839599609375, 819.2001953125, 855.3897705078125, 886.6444091796875
2023-02-05 16:33:54.549185, 868.5496215820312, 815.9102783203125, 855.3897705078125, 881.70947265625
2023-02-05 16:33:54.549300, 868.5496215820312, 819.2001953125, 850.454833984375, 878.4194946289062
2023-02-05 16:33:54.549414, 871.839599609375, 822.4901733398438, 848.8098754882812, 876.7745361328125
2023-02-05 16:33:54.549528, 870.194580078125, 819.2001953125, 852.0997924804688, 876.7745361328125
2023-02-05 16:33:54.549642, 866.9046630859375, 812.6203002929688, 848.8098754882812, 875.1295166015625
2023-02-05 16:33:54.549756, 865.2596435546875, 810.9752807617188, 858.6797485351562, 871.839599609375
2023-02-05 16:33:54.549871, 860.32470703125, 815.9102783203125, 852.0997924804688, 873.4845581054688
2023-02-05 16:33:54.666764, 861.9697265625, 812.6203002929688, 850.454833984375, 871.839599609375
2023-02-05 16:33:54.667084, 858.6797485351562, 819.2001953125, 857.0347290039062, 863.6146850585938
2023-02-05 16:33:54.667282, 861.9697265625, 819.2001953125, 852.0997924804688, 863.6146850585938
2023-02-05 16:33:54.667433, 863.6146850585938, 819.2001953125, 852.0997924804688, 860.32470703125
2023-02-05 16:33:54.667580, 865.2596435546875, 820.84521484375, 848.8098754882812, 858.6797485351562
2023-02-05 16:33:54.667725, 866.9046630859375, 822.4901733398438, 842.2299194335938, 861.9697265625
2023-02-05 16:33:54.667870, 868.5496215820312, 820.84521484375, 847.1648559570312, 858.6797485351562
2023-02-05 16:33:54.668013, 860.32470703125, 820.84521484375, 852.0997924804688, 858.6797485351562
2023-02-05 16:33:54.668158, 860.32470703125, 824.1351318359375, 847.1648559570312, 860.32470703125
2023-02-05 16:33:54.668302, 855.3897705078125, 819.2001953125, 852.0997924804688, 861.9697265625
2023-02-05 16:33:54.668445, 853.7448120117188, 817.5552368164062, 852.0997924804688, 860.32470703125
2023-02-05 16:33:54.668588, 857.0347290039062, 822.4901733398438, 848.8098754882812, 860.32470703125
2023-02-05 16:33:54.668730, 855.3897705078125, 824.1351318359375, 852.0997924804688, 860.32470703125
2023-02-05 16:33:54.668872, 853.7448120117188, 827.4251098632812, 853.7448120117188, 860.32470703125
2023-02-05 16:33:54.669014, 850.454833984375, 822.4901733398438, 850.454833984375, 860.32470703125
2023-02-05 16:33:54.669156, 850.454833984375, 822.4901733398438, 852.0997924804688, 857.0347290039062
2023-02-05 16:33:54.773147, 852.0997924804688, 822.4901733398438, 848.8098754882812, 852.0997924804688
2023-02-05 16:33:54.773467, 853.7448120117188, 822.4901733398438, 842.2299194335938, 850.454833984375
2023-02-05 16:33:54.773724, 853.7448120117188, 820.84521484375, 850.454833984375, 852.0997924804688
2023-02-05 16:33:54.773994, 853.7448120117188, 820.84521484375, 853.7448120117188, 857.0347290039062
2023-02-05 16:33:54.774148, 850.454833984375, 817.5552368164062, 848.8098754882812, 852.0997924804688
2023-02-05 16:33:54.774299, 848.8098754882812, 819.2001953125, 853.7448120117188, 855.3897705078125
2023-02-05 16:33:54.774447, 850.454833984375, 820.84521484375, 852.0997924804688, 858.6797485351562
2023-02-05 16:33:54.774595, 845.5198974609375, 815.9102783203125, 850.454833984375, 853.7448120117188
2023-02-05 16:33:54.774743, 848.8098754882812, 814.2652587890625, 850.454833984375, 858.6797485351562
2023-02-05 16:33:54.774889, 843.8749389648438, 819.2001953125, 837.2949829101562, 853.7448120117188
2023-02-05 16:33:54.775036, 847.1648559570312, 824.1351318359375, 842.2299194335938, 852.0997924804688
2023-02-05 16:33:54.775184, 847.1648559570312, 819.2001953125, 853.7448120117188, 853.7448120117188
2023-02-05 16:33:54.775331, 847.1648559570312, 819.2001953125, 850.454833984375, 852.0997924804688
2023-02-05 16:33:54.775478, 843.8749389648438, 817.5552368164062, 853.7448120117188, 850.454833984375
2023-02-05 16:33:54.775625, 840.5849609375, 819.2001953125, 852.0997924804688, 848.8098754882812
2023-02-05 16:33:54.775772, 842.2299194335938, 822.4901733398438, 850.454833984375, 852.0997924804688
2023-02-05 16:33:54.775918, 840.5849609375, 822.4901733398438, 848.8098754882812, 845.5198974609375
2023-02-05 16:33:54.776300, 840.5849609375, 820.84521484375, 843.8749389648438, 853.7448120117188
2023-02-05 16:33:54.776448, 837.2949829101562, 815.9102783203125, 845.5198974609375, 850.454833984375
2023-02-05 16:33:54.776596, 840.5849609375, 820.84521484375, 852.0997924804688, 850.454833984375
2023-02-05 16:33:54.776714, 840.5849609375, 815.9102783203125, 853.7448120117188, 850.454833984375
2023-02-05 16:33:54.776831, 840.5849609375, 819.2001953125, 855.3897705078125, 850.454833984375
2023-02-05 16:33:54.776947, 843.8749389648438, 822.4901733398438, 848.8098754882812, 852.0997924804688
2023-02-05 16:33:54.777065, 837.2949829101562, 812.6203002929688, 847.1648559570312, 845.5198974609375
2023-02-05 16:33:54.777181, 837.2949829101562, 820.84521484375, 845.5198974609375, 852.0997924804688
2023-02-05 16:33:54.777297, 835.6500244140625, 824.1351318359375, 850.454833984375, 845.5198974609375
2023-02-05 16:33:54.777414, 837.2949829101562, 822.4901733398438, 852.0997924804688, 847.1648559570312
2023-02-05 16:33:54.777530, 838.9400024414062, 824.1351318359375, 848.8098754882812, 850.454833984375
2023-02-05 16:33:54.777645, 840.5849609375, 817.5552368164062, 848.8098754882812, 852.0997924804688
2023-02-05 16:33:54.777760, 842.2299194335938, 815.9102783203125, 852.0997924804688, 852.0997924804688
2023-02-05 16:33:54.777876, 838.9400024414062, 819.2001953125, 852.0997924804688, 852.0997924804688
2023-02-05 16:33:54.778289, 838.9400024414062, 822.4901733398438, 853.7448120117188, 843.8749389648438
2023-02-05 16:33:54.778420, 837.2949829101562, 822.4901733398438, 848.8098754882812, 838.9400024414062
2023-02-05 16:33:54.932160, 840.5849609375, 822.4901733398438, 840.5849609375, 845.5198974609375
2023-02-05 16:33:54.932338, 838.9400024414062, 824.1351318359375, 845.5198974609375, 848.8098754882812
2023-02-05 16:33:54.932462, 842.2299194335938, 827.4251098632812, 847.1648559570312, 848.8098754882812
2023-02-05 16:33:54.932574, 843.8749389648438, 827.4251098632812, 845.5198974609375, 847.1648559570312
2023-02-05 16:33:54.932750, 837.2949829101562, 822.4901733398438, 848.8098754882812, 842.2299194335938
2023-02-05 16:33:54.932893, 838.9400024414062, 824.1351318359375, 848.8098754882812, 847.1648559570312
2023-02-05 16:33:54.933008, 835.6500244140625, 819.2001953125, 850.454833984375, 848.8098754882812
2023-02-05 16:33:54.933152, 842.2299194335938, 820.84521484375, 850.454833984375, 857.0347290039062
2023-02-05 16:33:54.933384, 838.9400024414062, 825.7801513671875, 847.1648559570312, 848.8098754882812
2023-02-05 16:33:54.933611, 840.5849609375, 825.7801513671875, 848.8098754882812, 843.8749389648438
2023-02-05 16:33:54.933743, 838.9400024414062, 825.7801513671875, 843.8749389648438, 850.454833984375
2023-02-05 16:33:54.933869, 837.2949829101562, 827.4251098632812, 837.2949829101562, 845.5198974609375
2023-02-05 16:33:54.934091, 842.2299194335938, 825.7801513671875, 848.8098754882812, 843.8749389648438
2023-02-05 16:33:54.934192, 837.2949829101562, 822.4901733398438, 838.9400024414062, 837.2949829101562
2023-02-05 16:33:54.934349, 838.9400024414062, 825.7801513671875, 850.454833984375, 834.0050048828125
2023-02-05 16:33:54.934464, 838.9400024414062, 820.84521484375, 855.3897705078125, 842.2299194335938
2023-02-05 16:33:54.935100, 835.6500244140625, 817.5552368164062, 847.1648559570312, 842.2299194335938
2023-02-05 16:33:54.935238, 838.9400024414062, 825.7801513671875, 855.3897705078125, 843.8749389648438
2023-02-05 16:33:54.935377, 838.9400024414062, 829.070068359375, 848.8098754882812, 842.2299194335938
2023-02-05 16:33:54.935501, 842.2299194335938, 830.715087890625, 847.1648559570312, 842.2299194335938
2023-02-05 16:33:54.935682, 840.5849609375, 827.4251098632812, 848.8098754882812, 847.1648559570312
2023-02-05 16:33:54.935781, 840.5849609375, 822.4901733398438, 848.8098754882812, 843.8749389648438
2023-02-05 16:33:54.935934, 840.5849609375, 820.84521484375, 843.8749389648438, 847.1648559570312
2023-02-05 16:33:54.936078, 838.9400024414062, 819.2001953125, 842.2299194335938, 845.5198974609375
2023-02-05 16:33:54.936247, 838.9400024414062, 817.5552368164062, 847.1648559570312, 848.8098754882812
2023-02-05 16:33:54.936374, 835.6500244140625, 820.84521484375, 847.1648559570312, 847.1648559570312
2023-02-05 16:33:54.936502, 834.0050048828125, 825.7801513671875, 848.8098754882812, 847.1648559570312
2023-02-05 16:33:54.936642, 834.0050048828125, 822.4901733398438, 848.8098754882812, 840.5849609375
2023-02-05 16:33:54.936815, 834.0050048828125, 825.7801513671875, 845.5198974609375, 834.0050048828125
2023-02-05 16:33:54.936944, 834.0050048828125, 825.7801513671875, 845.5198974609375, 840.5849609375
2023-02-05 16:33:54.937067, 832.3600463867188, 824.1351318359375, 845.5198974609375, 838.9400024414062
2023-02-05 16:33:54.937225, 832.3600463867188, 820.84521484375, 850.454833984375, 845.5198974609375
2023-02-05 16:33:55.069330, 830.715087890625, 820.84521484375, 852.0997924804688, 847.1648559570312
2023-02-05 16:33:55.069585, 835.6500244140625, 820.84521484375, 848.8098754882812, 838.9400024414062
2023-02-05 16:33:55.069737, 835.6500244140625, 822.4901733398438, 852.0997924804688, 834.0050048828125
2023-02-05 16:33:55.069877, 838.9400024414062, 827.4251098632812, 853.7448120117188, 838.9400024414062
2023-02-05 16:33:55.070082, 838.9400024414062, 824.1351318359375, 850.454833984375, 843.8749389648438
2023-02-05 16:33:55.070210, 835.6500244140625, 822.4901733398438, 853.7448120117188, 843.8749389648438
2023-02-05 16:33:55.070332, 835.6500244140625, 825.7801513671875, 850.454833984375, 840.5849609375
2023-02-05 16:33:55.070490, 835.6500244140625, 827.4251098632812, 848.8098754882812, 845.5198974609375
2023-02-05 16:33:55.070664, 837.2949829101562, 822.4901733398438, 852.0997924804688, 850.454833984375
2023-02-05 16:33:55.070808, 840.5849609375, 825.7801513671875, 855.3897705078125, 850.454833984375
2023-02-05 16:33:55.070939, 845.5198974609375, 827.4251098632812, 850.454833984375, 852.0997924804688
2023-02-05 16:33:55.071088, 842.2299194335938, 827.4251098632812, 852.0997924804688, 848.8098754882812
2023-02-05 16:33:55.071271, 837.2949829101562, 827.4251098632812, 852.0997924804688, 848.8098754882812
2023-02-05 16:33:55.071430, 835.6500244140625, 827.4251098632812, 850.454833984375, 853.7448120117188
2023-02-05 16:33:55.071602, 834.0050048828125, 824.1351318359375, 843.8749389648438, 852.0997924804688
2023-02-05 16:33:55.071774, 834.0050048828125, 822.4901733398438, 842.2299194335938, 843.8749389648438
2023-02-05 16:33:55.072420, 837.2949829101562, 827.4251098632812, 850.454833984375, 847.1648559570312
2023-02-05 16:33:55.072555, 835.6500244140625, 825.7801513671875, 858.6797485351562, 842.2299194335938
2023-02-05 16:33:55.072693, 834.0050048828125, 824.1351318359375, 857.0347290039062, 840.5849609375
2023-02-05 16:33:55.072822, 832.3600463867188, 822.4901733398438, 853.7448120117188, 840.5849609375
2023-02-05 16:33:55.072998, 835.6500244140625, 825.7801513671875, 850.454833984375, 843.8749389648438
2023-02-05 16:33:55.073115, 838.9400024414062, 825.7801513671875, 852.0997924804688, 850.454833984375
2023-02-05 16:33:55.073287, 837.2949829101562, 827.4251098632812, 861.9697265625, 838.9400024414062
2023-02-05 16:33:55.073377, 840.5849609375, 827.4251098632812, 858.6797485351562, 842.2299194335938
2023-02-05 16:33:55.073550, 837.2949829101562, 822.4901733398438, 852.0997924804688, 842.2299194335938
2023-02-05 16:33:55.073685, 834.0050048828125, 824.1351318359375, 850.454833984375, 847.1648559570312
2023-02-05 16:33:55.073801, 837.2949829101562, 825.7801513671875, 855.3897705078125, 852.0997924804688
2023-02-05 16:33:55.073966, 835.6500244140625, 825.7801513671875, 850.454833984375, 843.8749389648438
2023-02-05 16:33:55.074126, 842.2299194335938, 829.070068359375, 843.8749389648438, 843.8749389648438
2023-02-05 16:33:55.074231, 840.5849609375, 825.7801513671875, 852.0997924804688, 848.8098754882812
2023-02-05 16:33:55.074311, 835.6500244140625, 819.2001953125, 853.7448120117188, 847.1648559570312
2023-02-05 16:33:55.074392, 835.6500244140625, 827.4251098632812, 843.8749389648438, 838.9400024414062
2023-02-05 16:33:55.270466, 837.2949829101562, 824.1351318359375, 847.1648559570312, 838.9400024414062
2023-02-05 16:33:55.270675, 832.3600463867188, 820.84521484375, 863.6146850585938, 840.5849609375
2023-02-05 16:33:55.270840, 832.3600463867188, 824.1351318359375, 858.6797485351562, 845.5198974609375
2023-02-05 16:33:55.270994, 834.0050048828125, 820.84521484375, 870.194580078125, 850.454833984375
2023-02-05 16:33:55.271142, 835.6500244140625, 820.84521484375, 857.0347290039062, 845.5198974609375
2023-02-05 16:33:55.271294, 838.9400024414062, 827.4251098632812, 845.5198974609375, 847.1648559570312
2023-02-05 16:33:55.271440, 837.2949829101562, 827.4251098632812, 850.454833984375, 843.8749389648438
2023-02-05 16:33:55.271587, 832.3600463867188, 825.7801513671875, 853.7448120117188, 837.2949829101562
2023-02-05 16:33:55.271732, 837.2949829101562, 825.7801513671875, 847.1648559570312, 842.2299194335938
2023-02-05 16:33:55.271886, 838.9400024414062, 822.4901733398438, 848.8098754882812, 840.5849609375
2023-02-05 16:33:55.272030, 838.9400024414062, 825.7801513671875, 848.8098754882812, 848.8098754882812
2023-02-05 16:33:55.272174, 837.2949829101562, 829.070068359375, 852.0997924804688, 840.5849609375
2023-02-05 16:33:55.272317, 840.5849609375, 829.070068359375, 853.7448120117188, 835.6500244140625
2023-02-05 16:33:55.272461, 840.5849609375, 829.070068359375, 853.7448120117188, 840.5849609375
2023-02-05 16:33:55.272604, 835.6500244140625, 822.4901733398438, 855.3897705078125, 842.2299194335938
2023-02-05 16:33:55.272748, 835.6500244140625, 827.4251098632812, 853.7448120117188, 843.8749389648438
2023-02-05 16:33:55.273123, 834.0050048828125, 825.7801513671875, 847.1648559570312, 845.5198974609375
2023-02-05 16:33:55.273268, 830.715087890625, 822.4901733398438, 848.8098754882812, 843.8749389648438
2023-02-05 16:33:55.273413, 829.070068359375, 822.4901733398438, 848.8098754882812, 840.5849609375
2023-02-05 16:33:55.273557, 834.0050048828125, 820.84521484375, 847.1648559570312, 838.9400024414062
2023-02-05 16:33:55.273700, 837.2949829101562, 824.1351318359375, 845.5198974609375, 842.2299194335938
2023-02-05 16:33:55.273845, 835.6500244140625, 819.2001953125, 850.454833984375, 838.9400024414062
2023-02-05 16:33:55.273960, 838.9400024414062, 819.2001953125, 855.3897705078125, 837.2949829101562
2023-02-05 16:33:55.274074, 829.070068359375, 824.1351318359375, 850.454833984375, 837.2949829101562
2023-02-05 16:33:55.274189, 832.3600463867188, 824.1351318359375, 850.454833984375, 840.5849609375
2023-02-05 16:33:55.274302, 837.2949829101562, 827.4251098632812, 847.1648559570312, 845.5198974609375
2023-02-05 16:33:55.274416, 829.070068359375, 832.3600463867188, 847.1648559570312, 837.2949829101562
2023-02-05 16:33:55.274529, 827.4251098632812, 829.070068359375, 850.454833984375, 837.2949829101562
2023-02-05 16:33:55.274644, 829.070068359375, 827.4251098632812, 845.5198974609375, 835.6500244140625
2023-02-05 16:33:55.274757, 827.4251098632812, 824.1351318359375, 842.2299194335938, 834.0050048828125
2023-02-05 16:33:55.274871, 829.070068359375, 824.1351318359375, 838.9400024414062, 834.0050048828125
2023-02-05 16:33:55.274985, 834.0050048828125, 830.715087890625, 837.2949829101562, 829.070068359375
2023-02-05 16:33:55.404756, 830.715087890625, 834.0050048828125, 842.2299194335938, 825.7801513671875
2023-02-05 16:33:55.404977, 834.0050048828125, 834.0050048828125, 838.9400024414062, 835.6500244140625
2023-02-05 16:33:55.405409, 834.0050048828125, 827.4251098632812, 847.1648559570312, 837.2949829101562
2023-02-05 16:33:55.405580, 832.3600463867188, 825.7801513671875, 847.1648559570312, 838.9400024414062
2023-02-05 16:33:55.405736, 832.3600463867188, 830.715087890625, 845.5198974609375, 835.6500244140625
2023-02-05 16:33:55.405889, 838.9400024414062, 829.070068359375, 847.1648559570312, 842.2299194335938
2023-02-05 16:33:55.406037, 840.5849609375, 825.7801513671875, 842.2299194335938, 845.5198974609375
2023-02-05 16:33:55.406183, 835.6500244140625, 825.7801513671875, 838.9400024414062, 843.8749389648438
2023-02-05 16:33:55.406329, 834.0050048828125, 825.7801513671875, 847.1648559570312, 845.5198974609375
2023-02-05 16:33:55.406474, 834.0050048828125, 827.4251098632812, 843.8749389648438, 838.9400024414062
2023-02-05 16:33:55.406619, 829.070068359375, 829.070068359375, 847.1648559570312, 837.2949829101562
2023-02-05 16:33:55.406763, 832.3600463867188, 822.4901733398438, 852.0997924804688, 842.2299194335938
2023-02-05 16:33:55.406908, 835.6500244140625, 829.070068359375, 848.8098754882812, 837.2949829101562
2023-02-05 16:33:55.407057, 832.3600463867188, 830.715087890625, 855.3897705078125, 842.2299194335938
2023-02-05 16:33:55.407172, 832.3600463867188, 825.7801513671875, 853.7448120117188, 842.2299194335938
2023-02-05 16:33:55.407287, 834.0050048828125, 827.4251098632812, 850.454833984375, 840.5849609375
2023-02-05 16:33:55.407401, 832.3600463867188, 825.7801513671875, 848.8098754882812, 848.8098754882812
2023-02-05 16:33:55.407758, 835.6500244140625, 829.070068359375, 845.5198974609375, 842.2299194335938
2023-02-05 16:33:55.407873, 837.2949829101562, 830.715087890625, 838.9400024414062, 843.8749389648438
2023-02-05 16:33:55.407988, 838.9400024414062, 824.1351318359375, 835.6500244140625, 838.9400024414062
2023-02-05 16:33:55.408101, 838.9400024414062, 824.1351318359375, 858.6797485351562, 837.2949829101562
2023-02-05 16:33:55.408215, 838.9400024414062, 827.4251098632812, 845.5198974609375, 840.5849609375
2023-02-05 16:33:55.408360, 840.5849609375, 830.715087890625, 853.7448120117188, 840.5849609375
2023-02-05 16:33:55.408479, 840.5849609375, 825.7801513671875, 852.0997924804688, 848.8098754882812
2023-02-05 16:33:55.408685, 843.8749389648438, 829.070068359375, 848.8098754882812, 842.2299194335938
2023-02-05 16:33:55.408808, 838.9400024414062, 829.070068359375, 855.3897705078125, 843.8749389648438
2023-02-05 16:33:55.408923, 835.6500244140625, 825.7801513671875, 850.454833984375, 837.2949829101562
2023-02-05 16:33:55.409072, 835.6500244140625, 825.7801513671875, 843.8749389648438, 834.0050048828125
2023-02-05 16:33:55.409250, 835.6500244140625, 820.84521484375, 845.5198974609375, 835.6500244140625
2023-02-05 16:33:55.409368, 835.6500244140625, 822.4901733398438, 845.5198974609375, 832.3600463867188
2023-02-05 16:33:55.409514, 837.2949829101562, 827.4251098632812, 845.5198974609375, 835.6500244140625
2023-02-05 16:33:55.409688, 837.2949829101562, 827.4251098632812, 848.8098754882812, 842.2299194335938
2023-02-05 16:33:55.409828, 835.6500244140625, 827.4251098632812, 848.8098754882812, 842.2299194335938
2023-02-05 16:33:55.567560, 838.9400024414062, 829.070068359375, 855.3897705078125, 842.2299194335938
2023-02-05 16:33:55.567801, 838.9400024414062, 827.4251098632812, 848.8098754882812, 838.9400024414062
2023-02-05 16:33:55.567949, 832.3600463867188, 827.4251098632812, 843.8749389648438, 837.2949829101562
2023-02-05 16:33:55.568086, 835.6500244140625, 829.070068359375, 842.2299194335938, 843.8749389648438
2023-02-05 16:33:55.568215, 827.4251098632812, 825.7801513671875, 838.9400024414062, 842.2299194335938
2023-02-05 16:33:55.568347, 834.0050048828125, 825.7801513671875, 850.454833984375, 838.9400024414062
2023-02-05 16:33:55.568472, 840.5849609375, 820.84521484375, 858.6797485351562, 842.2299194335938
2023-02-05 16:33:55.568594, 835.6500244140625, 829.070068359375, 855.3897705078125, 834.0050048828125
2023-02-05 16:33:55.568719, 834.0050048828125, 830.715087890625, 855.3897705078125, 837.2949829101562
2023-02-05 16:33:55.568846, 830.715087890625, 827.4251098632812, 845.5198974609375, 837.2949829101562
2023-02-05 16:33:55.568964, 830.715087890625, 829.070068359375, 848.8098754882812, 832.3600463867188
2023-02-05 16:33:55.569091, 834.0050048828125, 827.4251098632812, 848.8098754882812, 838.9400024414062
2023-02-05 16:33:55.569213, 827.4251098632812, 827.4251098632812, 847.1648559570312, 835.6500244140625
2023-02-05 16:33:55.569339, 829.070068359375, 832.3600463867188, 847.1648559570312, 837.2949829101562
2023-02-05 16:33:55.569462, 830.715087890625, 829.070068359375, 847.1648559570312, 835.6500244140625
2023-02-05 16:33:55.569584, 832.3600463867188, 829.070068359375, 852.0997924804688, 837.2949829101562
2023-02-05 16:33:55.569971, 835.6500244140625, 827.4251098632812, 842.2299194335938, 837.2949829101562
2023-02-05 16:33:55.570096, 834.0050048828125, 830.715087890625, 842.2299194335938, 835.6500244140625
2023-02-05 16:33:55.570219, 840.5849609375, 829.070068359375, 853.7448120117188, 847.1648559570312
2023-02-05 16:33:55.570347, 837.2949829101562, 827.4251098632812, 850.454833984375, 847.1648559570312
2023-02-05 16:33:55.570475, 840.5849609375, 827.4251098632812, 858.6797485351562, 848.8098754882812
2023-02-05 16:33:55.570576, 830.715087890625, 825.7801513671875, 855.3897705078125, 835.6500244140625
2023-02-05 16:33:55.570678, 835.6500244140625, 830.715087890625, 853.7448120117188, 837.2949829101562
2023-02-05 16:33:55.570780, 838.9400024414062, 832.3600463867188, 853.7448120117188, 840.5849609375
2023-02-05 16:33:55.570879, 838.9400024414062, 832.3600463867188, 850.454833984375, 843.8749389648438
2023-02-05 16:33:55.570977, 840.5849609375, 832.3600463867188, 853.7448120117188, 843.8749389648438
2023-02-05 16:33:55.571073, 832.3600463867188, 830.715087890625, 847.1648559570312, 835.6500244140625
2023-02-05 16:33:55.571174, 835.6500244140625, 830.715087890625, 848.8098754882812, 837.2949829101562
2023-02-05 16:33:55.571269, 842.2299194335938, 829.070068359375, 848.8098754882812, 847.1648559570312
2023-02-05 16:33:55.571371, 840.5849609375, 829.070068359375, 845.5198974609375, 845.5198974609375
2023-02-05 16:33:55.571466, 838.9400024414062, 827.4251098632812, 852.0997924804688, 842.2299194335938
2023-02-05 16:33:55.571564, 840.5849609375, 827.4251098632812, 852.0997924804688, 843.8749389648438
2023-02-05 16:33:55.747514, 838.9400024414062, 830.715087890625, 852.0997924804688, 835.6500244140625
2023-02-05 16:33:55.747728, 840.5849609375, 829.070068359375, 848.8098754882812, 834.0050048828125
2023-02-05 16:33:55.747894, 837.2949829101562, 832.3600463867188, 845.5198974609375, 835.6500244140625
2023-02-05 16:33:55.748051, 837.2949829101562, 827.4251098632812, 848.8098754882812, 838.9400024414062
2023-02-05 16:33:55.748201, 835.6500244140625, 832.3600463867188, 842.2299194335938, 834.0050048828125
2023-02-05 16:33:55.748349, 838.9400024414062, 829.070068359375, 843.8749389648438, 832.3600463867188
2023-02-05 16:33:55.748496, 837.2949829101562, 830.715087890625, 848.8098754882812, 835.6500244140625
2023-02-05 16:33:55.748642, 830.715087890625, 830.715087890625, 850.454833984375, 832.3600463867188
2023-02-05 16:33:55.748787, 830.715087890625, 825.7801513671875, 857.0347290039062, 840.5849609375
2023-02-05 16:33:55.748932, 830.715087890625, 832.3600463867188, 848.8098754882812, 840.5849609375
2023-02-05 16:33:55.749080, 829.070068359375, 829.070068359375, 842.2299194335938, 837.2949829101562
2023-02-05 16:33:55.749225, 825.7801513671875, 827.4251098632812, 840.5849609375, 840.5849609375
2023-02-05 16:33:55.749369, 830.715087890625, 825.7801513671875, 857.0347290039062, 838.9400024414062
2023-02-05 16:33:55.749513, 830.715087890625, 825.7801513671875, 858.6797485351562, 837.2949829101562
2023-02-05 16:33:55.749659, 819.2001953125, 825.7801513671875, 860.32470703125, 825.7801513671875
2023-02-05 16:33:55.749820, 814.2652587890625, 825.7801513671875, 857.0347290039062, 824.1351318359375
2023-02-05 16:33:55.750120, 817.5552368164062, 822.4901733398438, 858.6797485351562, 829.070068359375
2023-02-05 16:33:55.750237, 810.9752807617188, 819.2001953125, 857.0347290039062, 822.4901733398438
2023-02-05 16:33:55.750353, 820.84521484375, 820.84521484375, 858.6797485351562, 829.070068359375
2023-02-05 16:33:55.750469, 819.2001953125, 820.84521484375, 857.0347290039062, 834.0050048828125
2023-02-05 16:33:55.750585, 819.2001953125, 817.5552368164062, 853.7448120117188, 834.0050048828125
2023-02-05 16:33:55.750701, 825.7801513671875, 817.5552368164062, 852.0997924804688, 837.2949829101562
2023-02-05 16:33:55.750816, 822.4901733398438, 822.4901733398438, 850.454833984375, 837.2949829101562
2023-02-05 16:33:55.750932, 825.7801513671875, 819.2001953125, 852.0997924804688, 835.6500244140625
2023-02-05 16:33:55.751047, 825.7801513671875, 822.4901733398438, 853.7448120117188, 834.0050048828125
2023-02-05 16:33:55.751161, 827.4251098632812, 820.84521484375, 857.0347290039062, 837.2949829101562
2023-02-05 16:33:55.751277, 827.4251098632812, 820.84521484375, 852.0997924804688, 837.2949829101562
2023-02-05 16:33:55.751390, 825.7801513671875, 822.4901733398438, 853.7448120117188, 829.070068359375
2023-02-05 16:33:55.751504, 827.4251098632812, 820.84521484375, 853.7448120117188, 832.3600463867188
2023-02-05 16:33:55.751617, 827.4251098632812, 820.84521484375, 855.3897705078125, 835.6500244140625
2023-02-05 16:33:55.751730, 824.1351318359375, 822.4901733398438, 855.3897705078125, 838.9400024414062
2023-02-05 16:33:55.751845, 824.1351318359375, 817.5552368164062, 850.454833984375, 835.6500244140625
2023-02-05 16:33:55.752201, 825.7801513671875, 819.2001953125, 845.5198974609375, 832.3600463867188
2023-02-05 16:33:55.752319, 824.1351318359375, 822.4901733398438, 848.8098754882812, 827.4251098632812
2023-02-05 16:33:55.752435, 822.4901733398438, 819.2001953125, 848.8098754882812, 827.4251098632812
2023-02-05 16:33:55.752550, 827.4251098632812, 822.4901733398438, 850.454833984375, 834.0050048828125
2023-02-05 16:33:55.752664, 830.715087890625, 820.84521484375, 855.3897705078125, 835.6500244140625
2023-02-05 16:33:55.753007, 829.070068359375, 815.9102783203125, 850.454833984375, 835.6500244140625
2023-02-05 16:33:55.753135, 825.7801513671875, 824.1351318359375, 847.1648559570312, 832.3600463867188
2023-02-05 16:33:55.753253, 829.070068359375, 822.4901733398438, 845.5198974609375, 840.5849609375
2023-02-05 16:33:55.753372, 827.4251098632812, 817.5552368164062, 847.1648559570312, 842.2299194335938
2023-02-05 16:33:55.753464, 825.7801513671875, 825.7801513671875, 847.1648559570312, 835.6500244140625
2023-02-05 16:33:55.753556, 830.715087890625, 824.1351318359375, 852.0997924804688, 837.2949829101562
2023-02-05 16:33:55.753649, 834.0050048828125, 825.7801513671875, 855.3897705078125, 832.3600463867188
2023-02-05 16:33:55.753742, 834.0050048828125, 824.1351318359375, 855.3897705078125, 838.9400024414062
2023-02-05 16:33:55.753834, 832.3600463867188, 820.84521484375, 852.0997924804688, 838.9400024414062
2023-02-05 16:33:55.753927, 829.070068359375, 819.2001953125, 852.0997924804688, 837.2949829101562
2023-02-05 16:33:55.754020, 825.7801513671875, 827.4251098632812, 853.7448120117188, 835.6500244140625
2023-02-05 16:33:55.867702, 829.070068359375, 824.1351318359375, 857.0347290039062, 838.9400024414062
2023-02-05 16:33:55.867877, 825.7801513671875, 822.4901733398438, 853.7448120117188, 845.5198974609375
2023-02-05 16:33:55.868007, 829.070068359375, 820.84521484375, 850.454833984375, 842.2299194335938
2023-02-05 16:33:55.868130, 829.070068359375, 820.84521484375, 848.8098754882812, 840.5849609375
2023-02-05 16:33:55.868249, 830.715087890625, 825.7801513671875, 853.7448120117188, 847.1648559570312
2023-02-05 16:33:55.868392, 827.4251098632812, 825.7801513671875, 857.0347290039062, 843.8749389648438
2023-02-05 16:33:55.868533, 825.7801513671875, 824.1351318359375, 855.3897705078125, 843.8749389648438
2023-02-05 16:33:55.868649, 829.070068359375, 825.7801513671875, 855.3897705078125, 842.2299194335938
2023-02-05 16:33:55.868765, 829.070068359375, 824.1351318359375, 850.454833984375, 837.2949829101562
2023-02-05 16:33:55.868880, 830.715087890625, 822.4901733398438, 858.6797485351562, 838.9400024414062
2023-02-05 16:33:55.868994, 829.070068359375, 827.4251098632812, 857.0347290039062, 842.2299194335938
2023-02-05 16:33:55.869108, 825.7801513671875, 824.1351318359375, 852.0997924804688, 838.9400024414062
2023-02-05 16:33:55.869257, 827.4251098632812, 827.4251098632812, 850.454833984375, 838.9400024414062
2023-02-05 16:33:55.869401, 829.070068359375, 829.070068359375, 847.1648559570312, 835.6500244140625
2023-02-05 16:33:55.869549, 829.070068359375, 822.4901733398438, 853.7448120117188, 830.715087890625
2023-02-05 16:33:55.869663, 829.070068359375, 819.2001953125, 852.0997924804688, 829.070068359375
2023-02-05 16:33:55.869961, 824.1351318359375, 817.5552368164062, 852.0997924804688, 834.0050048828125
2023-02-05 16:33:55.870078, 824.1351318359375, 822.4901733398438, 848.8098754882812, 835.6500244140625
2023-02-05 16:33:55.870194, 829.070068359375, 822.4901733398438, 845.5198974609375, 840.5849609375
2023-02-05 16:33:55.870358, 832.3600463867188, 822.4901733398438, 847.1648559570312, 843.8749389648438
2023-02-05 16:33:55.870502, 832.3600463867188, 827.4251098632812, 847.1648559570312, 838.9400024414062
2023-02-05 16:33:55.870646, 829.070068359375, 830.715087890625, 848.8098754882812, 840.5849609375
2023-02-05 16:33:55.870788, 827.4251098632812, 827.4251098632812, 852.0997924804688, 840.5849609375
2023-02-05 16:33:55.870945, 825.7801513671875, 822.4901733398438, 850.454833984375, 834.0050048828125
2023-02-05 16:33:55.871060, 829.070068359375, 819.2001953125, 850.454833984375, 842.2299194335938
2023-02-05 16:33:55.871174, 825.7801513671875, 820.84521484375, 850.454833984375, 842.2299194335938
2023-02-05 16:33:55.871289, 830.715087890625, 830.715087890625, 855.3897705078125, 843.8749389648438
2023-02-05 16:33:55.871403, 832.3600463867188, 829.070068359375, 857.0347290039062, 845.5198974609375
2023-02-05 16:33:55.871518, 832.3600463867188, 829.070068359375, 852.0997924804688, 838.9400024414062
2023-02-05 16:33:55.871633, 832.3600463867188, 829.070068359375, 852.0997924804688, 840.5849609375
2023-02-05 16:33:55.871749, 834.0050048828125, 830.715087890625, 848.8098754882812, 845.5198974609375
2023-02-05 16:33:55.871864, 832.3600463867188, 822.4901733398438, 843.8749389648438, 848.8098754882812
2023-02-05 16:33:55.871979, 834.0050048828125, 822.4901733398438, 840.5849609375, 848.8098754882812
2023-02-05 16:33:56.003665, 835.6500244140625, 825.7801513671875, 838.9400024414062, 845.5198974609375
2023-02-05 16:33:56.003883, 835.6500244140625, 825.7801513671875, 860.32470703125, 840.5849609375
2023-02-05 16:33:56.004051, 835.6500244140625, 832.3600463867188, 858.6797485351562, 842.2299194335938
2023-02-05 16:33:56.004214, 835.6500244140625, 830.715087890625, 860.32470703125, 840.5849609375
2023-02-05 16:33:56.004336, 838.9400024414062, 829.070068359375, 857.0347290039062, 843.8749389648438
2023-02-05 16:33:56.004455, 838.9400024414062, 830.715087890625, 852.0997924804688, 840.5849609375
2023-02-05 16:33:56.004573, 837.2949829101562, 827.4251098632812, 852.0997924804688, 838.9400024414062
2023-02-05 16:33:56.004691, 840.5849609375, 822.4901733398438, 853.7448120117188, 842.2299194335938
2023-02-05 16:33:56.004808, 838.9400024414062, 827.4251098632812, 855.3897705078125, 845.5198974609375
2023-02-05 16:33:56.004925, 840.5849609375, 822.4901733398438, 853.7448120117188, 850.454833984375
2023-02-05 16:33:56.005041, 840.5849609375, 825.7801513671875, 857.0347290039062, 848.8098754882812
2023-02-05 16:33:56.005159, 840.5849609375, 825.7801513671875, 853.7448120117188, 852.0997924804688
2023-02-05 16:33:56.005275, 837.2949829101562, 824.1351318359375, 853.7448120117188, 845.5198974609375
2023-02-05 16:33:56.005391, 838.9400024414062, 824.1351318359375, 850.454833984375, 845.5198974609375
2023-02-05 16:33:56.005508, 838.9400024414062, 820.84521484375, 848.8098754882812, 838.9400024414062
2023-02-05 16:33:56.005625, 832.3600463867188, 824.1351318359375, 847.1648559570312, 835.6500244140625
2023-02-05 16:33:56.005986, 835.6500244140625, 824.1351318359375, 847.1648559570312, 845.5198974609375
2023-02-05 16:33:56.006104, 829.070068359375, 822.4901733398438, 852.0997924804688, 840.5849609375
2023-02-05 16:33:56.006221, 830.715087890625, 825.7801513671875, 852.0997924804688, 845.5198974609375
2023-02-05 16:33:56.006337, 829.070068359375, 824.1351318359375, 852.0997924804688, 842.2299194335938
2023-02-05 16:33:56.006452, 835.6500244140625, 825.7801513671875, 850.454833984375, 840.5849609375
2023-02-05 16:33:56.006567, 835.6500244140625, 824.1351318359375, 853.7448120117188, 838.9400024414062
2023-02-05 16:33:56.006683, 834.0050048828125, 819.2001953125, 853.7448120117188, 842.2299194335938
2023-02-05 16:33:56.006800, 837.2949829101562, 822.4901733398438, 850.454833984375, 845.5198974609375
2023-02-05 16:33:56.006916, 835.6500244140625, 824.1351318359375, 850.454833984375, 845.5198974609375
2023-02-05 16:33:56.007033, 837.2949829101562, 829.070068359375, 850.454833984375, 845.5198974609375
2023-02-05 16:33:56.007150, 835.6500244140625, 834.0050048828125, 848.8098754882812, 843.8749389648438
2023-02-05 16:33:56.007267, 834.0050048828125, 825.7801513671875, 848.8098754882812, 842.2299194335938
2023-02-05 16:33:56.007385, 837.2949829101562, 825.7801513671875, 853.7448120117188, 842.2299194335938
2023-02-05 16:33:56.007503, 835.6500244140625, 822.4901733398438, 850.454833984375, 842.2299194335938
2023-02-05 16:33:56.007625, 835.6500244140625, 815.9102783203125, 847.1648559570312, 840.5849609375
2023-02-05 16:33:56.007735, 835.6500244140625, 822.4901733398438, 842.2299194335938, 843.8749389648438
2023-02-05 16:33:56.138942, 834.0050048828125, 829.070068359375, 845.5198974609375, 847.1648559570312
2023-02-05 16:33:56.139150, 830.715087890625, 827.4251098632812, 858.6797485351562, 838.9400024414062
2023-02-05 16:33:56.139314, 830.715087890625, 829.070068359375, 853.7448120117188, 827.4251098632812
2023-02-05 16:33:56.139470, 829.070068359375, 825.7801513671875, 852.0997924804688, 825.7801513671875
2023-02-05 16:33:56.139618, 827.4251098632812, 822.4901733398438, 850.454833984375, 825.7801513671875
2023-02-05 16:33:56.139771, 827.4251098632812, 824.1351318359375, 850.454833984375, 834.0050048828125
2023-02-05 16:33:56.139928, 829.070068359375, 820.84521484375, 855.3897705078125, 835.6500244140625
2023-02-05 16:33:56.140075, 830.715087890625, 825.7801513671875, 852.0997924804688, 834.0050048828125
2023-02-05 16:33:56.140221, 832.3600463867188, 824.1351318359375, 847.1648559570312, 830.715087890625
2023-02-05 16:33:56.140367, 834.0050048828125, 827.4251098632812, 857.0347290039062, 838.9400024414062
2023-02-05 16:33:56.140512, 834.0050048828125, 827.4251098632812, 853.7448120117188, 843.8749389648438
2023-02-05 16:33:56.140657, 834.0050048828125, 829.070068359375, 850.454833984375, 843.8749389648438
2023-02-05 16:33:56.140802, 834.0050048828125, 827.4251098632812, 853.7448120117188, 838.9400024414062
2023-02-05 16:33:56.140948, 830.715087890625, 824.1351318359375, 847.1648559570312, 835.6500244140625
2023-02-05 16:33:56.141093, 830.715087890625, 822.4901733398438, 855.3897705078125, 837.2949829101562
2023-02-05 16:33:56.141238, 832.3600463867188, 825.7801513671875, 857.0347290039062, 840.5849609375
2023-02-05 16:33:56.298993, 835.6500244140625, 825.7801513671875, 850.454833984375, 843.8749389648438
2023-02-05 16:33:56.299157, 837.2949829101562, 830.715087890625, 858.6797485351562, 843.8749389648438
2023-02-05 16:33:56.299243, 830.715087890625, 829.070068359375, 848.8098754882812, 843.8749389648438
2023-02-05 16:33:56.299319, 834.0050048828125, 825.7801513671875, 855.3897705078125, 848.8098754882812
2023-02-05 16:33:56.299394, 830.715087890625, 829.070068359375, 858.6797485351562, 840.5849609375
2023-02-05 16:33:56.299466, 829.070068359375, 820.84521484375, 858.6797485351562, 838.9400024414062
2023-02-05 16:33:56.299538, 838.9400024414062, 829.070068359375, 861.9697265625, 845.5198974609375
2023-02-05 16:33:56.299609, 832.3600463867188, 827.4251098632812, 852.0997924804688, 842.2299194335938
2023-02-05 16:33:56.299829, 835.6500244140625, 822.4901733398438, 852.0997924804688, 848.8098754882812
2023-02-05 16:33:56.299908, 832.3600463867188, 824.1351318359375, 850.454833984375, 840.5849609375
2023-02-05 16:33:56.299981, 835.6500244140625, 824.1351318359375, 852.0997924804688, 845.5198974609375
2023-02-05 16:33:56.300054, 837.2949829101562, 825.7801513671875, 848.8098754882812, 847.1648559570312
2023-02-05 16:33:56.300211, 837.2949829101562, 830.715087890625, 853.7448120117188, 845.5198974609375
2023-02-05 16:33:56.300356, 837.2949829101562, 822.4901733398438, 848.8098754882812, 842.2299194335938
2023-02-05 16:33:56.300500, 837.2949829101562, 822.4901733398438, 848.8098754882812, 834.0050048828125
2023-02-05 16:33:56.300645, 834.0050048828125, 820.84521484375, 848.8098754882812, 840.5849609375
2023-02-05 16:33:56.301093, 832.3600463867188, 824.1351318359375, 842.2299194335938, 838.9400024414062
2023-02-05 16:33:56.301238, 835.6500244140625, 827.4251098632812, 857.0347290039062, 837.2949829101562
2023-02-05 16:33:56.301381, 835.6500244140625, 822.4901733398438, 853.7448120117188, 840.5849609375
2023-02-05 16:33:56.301528, 840.5849609375, 822.4901733398438, 852.0997924804688, 838.9400024414062
2023-02-05 16:33:56.301643, 835.6500244140625, 820.84521484375, 852.0997924804688, 842.2299194335938
2023-02-05 16:33:56.301756, 834.0050048828125, 824.1351318359375, 845.5198974609375, 845.5198974609375
2023-02-05 16:33:56.301869, 837.2949829101562, 822.4901733398438, 852.0997924804688, 842.2299194335938
2023-02-05 16:33:56.301983, 835.6500244140625, 825.7801513671875, 852.0997924804688, 829.070068359375
2023-02-05 16:33:56.302096, 837.2949829101562, 829.070068359375, 853.7448120117188, 832.3600463867188
2023-02-05 16:33:56.302210, 834.0050048828125, 824.1351318359375, 845.5198974609375, 837.2949829101562
2023-02-05 16:33:56.302324, 838.9400024414062, 832.3600463867188, 845.5198974609375, 842.2299194335938
2023-02-05 16:33:56.302437, 842.2299194335938, 825.7801513671875, 847.1648559570312, 847.1648559570312
2023-02-05 16:33:56.302550, 838.9400024414062, 817.5552368164062, 850.454833984375, 843.8749389648438
2023-02-05 16:33:56.302664, 840.5849609375, 822.4901733398438, 855.3897705078125, 845.5198974609375
2023-02-05 16:33:56.302777, 835.6500244140625, 822.4901733398438, 843.8749389648438, 843.8749389648438
2023-02-05 16:33:56.302888, 835.6500244140625, 825.7801513671875, 842.2299194335938, 847.1648559570312
2023-02-05 16:33:56.303123, 837.2949829101562, 820.84521484375, 848.8098754882812, 845.5198974609375
2023-02-05 16:33:56.303216, 835.6500244140625, 819.2001953125, 852.0997924804688, 845.5198974609375
2023-02-05 16:33:56.303308, 838.9400024414062, 814.2652587890625, 852.0997924804688, 852.0997924804688
2023-02-05 16:33:56.303400, 838.9400024414062, 814.2652587890625, 848.8098754882812, 842.2299194335938
2023-02-05 16:33:56.303492, 832.3600463867188, 822.4901733398438, 847.1648559570312, 840.5849609375
2023-02-05 16:33:56.303621, 837.2949829101562, 825.7801513671875, 845.5198974609375, 850.454833984375
2023-02-05 16:33:56.303714, 837.2949829101562, 830.715087890625, 852.0997924804688, 847.1648559570312
2023-02-05 16:33:56.303844, 834.0050048828125, 824.1351318359375, 855.3897705078125, 843.8749389648438
2023-02-05 16:33:56.303958, 835.6500244140625, 819.2001953125, 848.8098754882812, 838.9400024414062
2023-02-05 16:33:56.304072, 830.715087890625, 820.84521484375, 855.3897705078125, 832.3600463867188
2023-02-05 16:33:56.304186, 834.0050048828125, 819.2001953125, 850.454833984375, 835.6500244140625
2023-02-05 16:33:56.304300, 837.2949829101562, 820.84521484375, 840.5849609375, 842.2299194335938
2023-02-05 16:33:56.304416, 830.715087890625, 822.4901733398438, 842.2299194335938, 840.5849609375
2023-02-05 16:33:56.304507, 830.715087890625, 819.2001953125, 847.1648559570312, 843.8749389648438
2023-02-05 16:33:56.304598, 830.715087890625, 824.1351318359375, 845.5198974609375, 842.2299194335938
2023-02-05 16:33:56.304690, 827.4251098632812, 824.1351318359375, 842.2299194335938, 842.2299194335938
2023-02-05 16:33:56.459619, 832.3600463867188, 822.4901733398438, 848.8098754882812, 840.5849609375
2023-02-05 16:33:56.459785, 824.1351318359375, 827.4251098632812, 850.454833984375, 830.715087890625
2023-02-05 16:33:56.459915, 832.3600463867188, 820.84521484375, 848.8098754882812, 838.9400024414062
2023-02-05 16:33:56.460040, 832.3600463867188, 817.5552368164062, 847.1648559570312, 835.6500244140625
2023-02-05 16:33:56.460161, 832.3600463867188, 817.5552368164062, 850.454833984375, 835.6500244140625
2023-02-05 16:33:56.460280, 835.6500244140625, 825.7801513671875, 842.2299194335938, 838.9400024414062
2023-02-05 16:33:56.460408, 832.3600463867188, 834.0050048828125, 848.8098754882812, 837.2949829101562
2023-02-05 16:33:56.460528, 834.0050048828125, 824.1351318359375, 848.8098754882812, 837.2949829101562
2023-02-05 16:33:56.460645, 829.070068359375, 825.7801513671875, 848.8098754882812, 837.2949829101562
2023-02-05 16:33:56.460762, 832.3600463867188, 827.4251098632812, 860.32470703125, 843.8749389648438
2023-02-05 16:33:56.460879, 829.070068359375, 827.4251098632812, 853.7448120117188, 842.2299194335938
2023-02-05 16:33:56.460995, 825.7801513671875, 827.4251098632812, 852.0997924804688, 837.2949829101562
2023-02-05 16:33:56.461110, 832.3600463867188, 824.1351318359375, 847.1648559570312, 834.0050048828125
2023-02-05 16:33:56.461227, 827.4251098632812, 822.4901733398438, 845.5198974609375, 824.1351318359375
2023-02-05 16:33:56.461345, 834.0050048828125, 827.4251098632812, 845.5198974609375, 830.715087890625
2023-02-05 16:33:56.461462, 834.0050048828125, 824.1351318359375, 842.2299194335938, 832.3600463867188
2023-02-05 16:33:56.461770, 830.715087890625, 825.7801513671875, 845.5198974609375, 838.9400024414062
2023-02-05 16:33:56.461888, 835.6500244140625, 827.4251098632812, 848.8098754882812, 847.1648559570312
2023-02-05 16:33:56.462006, 829.070068359375, 825.7801513671875, 855.3897705078125, 842.2299194335938
2023-02-05 16:33:56.462123, 832.3600463867188, 829.070068359375, 848.8098754882812, 840.5849609375
2023-02-05 16:33:56.462243, 830.715087890625, 820.84521484375, 852.0997924804688, 830.715087890625
2023-02-05 16:33:56.462360, 834.0050048828125, 819.2001953125, 847.1648559570312, 829.070068359375
2023-02-05 16:33:56.462476, 837.2949829101562, 825.7801513671875, 848.8098754882812, 832.3600463867188
2023-02-05 16:33:56.462593, 835.6500244140625, 830.715087890625, 845.5198974609375, 837.2949829101562
2023-02-05 16:33:56.462713, 835.6500244140625, 827.4251098632812, 838.9400024414062, 845.5198974609375
2023-02-05 16:33:56.462827, 832.3600463867188, 829.070068359375, 843.8749389648438, 838.9400024414062
2023-02-05 16:33:56.462920, 835.6500244140625, 824.1351318359375, 845.5198974609375, 845.5198974609375
2023-02-05 16:33:56.463012, 834.0050048828125, 827.4251098632812, 855.3897705078125, 845.5198974609375
2023-02-05 16:33:56.463105, 827.4251098632812, 824.1351318359375, 852.0997924804688, 842.2299194335938
2023-02-05 16:33:56.463198, 834.0050048828125, 825.7801513671875, 848.8098754882812, 840.5849609375
2023-02-05 16:33:56.463290, 834.0050048828125, 824.1351318359375, 845.5198974609375, 837.2949829101562
2023-02-05 16:33:56.463384, 832.3600463867188, 822.4901733398438, 853.7448120117188, 830.715087890625
2023-02-05 16:33:56.463477, 838.9400024414062, 824.1351318359375, 857.0347290039062, 834.0050048828125
2023-02-05 16:33:56.602101, 830.715087890625, 824.1351318359375, 852.0997924804688, 834.0050048828125
2023-02-05 16:33:56.602304, 827.4251098632812, 820.84521484375, 850.454833984375, 829.070068359375
2023-02-05 16:33:56.602466, 827.4251098632812, 819.2001953125, 845.5198974609375, 832.3600463867188
2023-02-05 16:33:56.602620, 822.4901733398438, 822.4901733398438, 847.1648559570312, 832.3600463867188
2023-02-05 16:33:56.602769, 827.4251098632812, 820.84521484375, 847.1648559570312, 837.2949829101562
2023-02-05 16:33:56.602923, 830.715087890625, 829.070068359375, 842.2299194335938, 842.2299194335938
2023-02-05 16:33:56.603070, 830.715087890625, 827.4251098632812, 850.454833984375, 842.2299194335938
2023-02-05 16:33:56.603217, 827.4251098632812, 822.4901733398438, 845.5198974609375, 838.9400024414062
2023-02-05 16:33:56.603364, 825.7801513671875, 824.1351318359375, 850.454833984375, 840.5849609375
2023-02-05 16:33:56.603511, 830.715087890625, 819.2001953125, 855.3897705078125, 843.8749389648438
2023-02-05 16:33:56.603658, 825.7801513671875, 822.4901733398438, 848.8098754882812, 838.9400024414062
2023-02-05 16:33:56.603806, 832.3600463867188, 824.1351318359375, 852.0997924804688, 834.0050048828125
2023-02-05 16:33:56.603957, 829.070068359375, 825.7801513671875, 853.7448120117188, 835.6500244140625
2023-02-05 16:33:56.604106, 829.070068359375, 824.1351318359375, 852.0997924804688, 838.9400024414062
2023-02-05 16:33:56.604255, 829.070068359375, 822.4901733398438, 852.0997924804688, 842.2299194335938
2023-02-05 16:33:56.604403, 830.715087890625, 825.7801513671875, 853.7448120117188, 838.9400024414062
2023-02-05 16:33:56.604880, 830.715087890625, 820.84521484375, 857.0347290039062, 837.2949829101562
2023-02-05 16:33:56.605032, 832.3600463867188, 827.4251098632812, 853.7448120117188, 845.5198974609375
2023-02-05 16:33:56.605181, 830.715087890625, 830.715087890625, 855.3897705078125, 845.5198974609375
2023-02-05 16:33:56.605345, 834.0050048828125, 829.070068359375, 850.454833984375, 842.2299194335938
2023-02-05 16:33:56.605465, 832.3600463867188, 832.3600463867188, 845.5198974609375, 837.2949829101562
2023-02-05 16:33:56.605584, 835.6500244140625, 832.3600463867188, 847.1648559570312, 835.6500244140625
2023-02-05 16:33:56.605701, 832.3600463867188, 829.070068359375, 847.1648559570312, 837.2949829101562
2023-02-05 16:33:56.605816, 829.070068359375, 829.070068359375, 843.8749389648438, 835.6500244140625
2023-02-05 16:33:56.605932, 829.070068359375, 824.1351318359375, 842.2299194335938, 838.9400024414062
2023-02-05 16:33:56.606048, 830.715087890625, 825.7801513671875, 850.454833984375, 837.2949829101562
2023-02-05 16:33:56.606164, 832.3600463867188, 822.4901733398438, 848.8098754882812, 837.2949829101562
2023-02-05 16:33:56.606506, 830.715087890625, 820.84521484375, 852.0997924804688, 832.3600463867188
2023-02-05 16:33:56.606635, 829.070068359375, 830.715087890625, 853.7448120117188, 829.070068359375
2023-02-05 16:33:56.606755, 830.715087890625, 829.070068359375, 848.8098754882812, 838.9400024414062
2023-02-05 16:33:56.606873, 832.3600463867188, 829.070068359375, 852.0997924804688, 842.2299194335938
2023-02-05 16:33:56.606990, 835.6500244140625, 829.070068359375, 852.0997924804688, 847.1648559570312
2023-02-05 16:33:56.776012, 835.6500244140625, 825.7801513671875, 848.8098754882812, 842.2299194335938
2023-02-05 16:33:56.776268, 830.715087890625, 824.1351318359375, 845.5198974609375, 838.9400024414062
2023-02-05 16:33:56.776522, 832.3600463867188, 824.1351318359375, 852.0997924804688, 837.2949829101562
2023-02-05 16:33:56.776747, 830.715087890625, 827.4251098632812, 852.0997924804688, 835.6500244140625
2023-02-05 16:33:56.776889, 835.6500244140625, 825.7801513671875, 850.454833984375, 838.9400024414062
2023-02-05 16:33:56.777018, 832.3600463867188, 825.7801513671875, 857.0347290039062, 837.2949829101562
2023-02-05 16:33:56.777144, 832.3600463867188, 825.7801513671875, 853.7448120117188, 840.5849609375
2023-02-05 16:33:56.777268, 829.070068359375, 825.7801513671875, 853.7448120117188, 840.5849609375
2023-02-05 16:33:56.777390, 824.1351318359375, 824.1351318359375, 855.3897705078125, 840.5849609375
2023-02-05 16:33:56.777514, 834.0050048828125, 829.070068359375, 847.1648559570312, 843.8749389648438
2023-02-05 16:33:56.777634, 829.070068359375, 824.1351318359375, 843.8749389648438, 837.2949829101562
2023-02-05 16:33:56.777754, 830.715087890625, 825.7801513671875, 850.454833984375, 835.6500244140625
2023-02-05 16:33:56.777873, 832.3600463867188, 825.7801513671875, 852.0997924804688, 837.2949829101562
2023-02-05 16:33:56.777991, 834.0050048828125, 820.84521484375, 852.0997924804688, 840.5849609375
2023-02-05 16:33:56.778110, 832.3600463867188, 822.4901733398438, 852.0997924804688, 840.5849609375
2023-02-05 16:33:56.778228, 830.715087890625, 824.1351318359375, 848.8098754882812, 838.9400024414062
2023-02-05 16:33:56.778536, 829.070068359375, 829.070068359375, 842.2299194335938, 843.8749389648438
2023-02-05 16:33:56.778678, 830.715087890625, 834.0050048828125, 838.9400024414062, 842.2299194335938
2023-02-05 16:33:56.778801, 832.3600463867188, 827.4251098632812, 853.7448120117188, 843.8749389648438
2023-02-05 16:33:56.778937, 834.0050048828125, 832.3600463867188, 855.3897705078125, 835.6500244140625
2023-02-05 16:33:56.779059, 834.0050048828125, 827.4251098632812, 858.6797485351562, 834.0050048828125
2023-02-05 16:33:56.779248, 834.0050048828125, 824.1351318359375, 852.0997924804688, 835.6500244140625
2023-02-05 16:33:56.779370, 835.6500244140625, 825.7801513671875, 843.8749389648438, 837.2949829101562
2023-02-05 16:33:56.779511, 838.9400024414062, 822.4901733398438, 845.5198974609375, 838.9400024414062
2023-02-05 16:33:56.779638, 838.9400024414062, 824.1351318359375, 843.8749389648438, 834.0050048828125
2023-02-05 16:33:56.779872, 840.5849609375, 825.7801513671875, 852.0997924804688, 843.8749389648438
2023-02-05 16:33:56.779993, 835.6500244140625, 829.070068359375, 853.7448120117188, 837.2949829101562
2023-02-05 16:33:56.780113, 829.070068359375, 834.0050048828125, 855.3897705078125, 835.6500244140625
2023-02-05 16:33:56.780350, 830.715087890625, 830.715087890625, 853.7448120117188, 842.2299194335938
2023-02-05 16:33:56.780620, 829.070068359375, 829.070068359375, 852.0997924804688, 842.2299194335938
2023-02-05 16:33:56.780758, 827.4251098632812, 822.4901733398438, 850.454833984375, 842.2299194335938
2023-02-05 16:33:56.780961, 827.4251098632812, 825.7801513671875, 850.454833984375, 838.9400024414062
2023-02-05 16:33:56.934771, 827.4251098632812, 827.4251098632812, 848.8098754882812, 834.0050048828125
2023-02-05 16:33:56.935162, 827.4251098632812, 827.4251098632812, 835.6500244140625, 832.3600463867188
2023-02-05 16:33:56.935315, 827.4251098632812, 827.4251098632812, 845.5198974609375, 838.9400024414062
2023-02-05 16:33:56.935435, 830.715087890625, 825.7801513671875, 850.454833984375, 835.6500244140625
2023-02-05 16:33:56.935545, 832.3600463867188, 827.4251098632812, 848.8098754882812, 842.2299194335938
2023-02-05 16:33:56.935696, 829.070068359375, 822.4901733398438, 852.0997924804688, 843.8749389648438
2023-02-05 16:33:56.935832, 825.7801513671875, 819.2001953125, 848.8098754882812, 834.0050048828125
2023-02-05 16:33:56.935962, 827.4251098632812, 817.5552368164062, 855.3897705078125, 834.0050048828125
2023-02-05 16:33:56.936093, 827.4251098632812, 822.4901733398438, 855.3897705078125, 829.070068359375
2023-02-05 16:33:56.936283, 834.0050048828125, 825.7801513671875, 850.454833984375, 835.6500244140625
2023-02-05 16:33:56.936389, 834.0050048828125, 824.1351318359375, 847.1648559570312, 832.3600463867188
2023-02-05 16:33:56.936528, 829.070068359375, 825.7801513671875, 845.5198974609375, 835.6500244140625
2023-02-05 16:33:56.936670, 835.6500244140625, 825.7801513671875, 845.5198974609375, 837.2949829101562
2023-02-05 16:33:56.936842, 837.2949829101562, 827.4251098632812, 837.2949829101562, 838.9400024414062
2023-02-05 16:33:56.936981, 832.3600463867188, 827.4251098632812, 843.8749389648438, 835.6500244140625
2023-02-05 16:33:56.937121, 827.4251098632812, 825.7801513671875, 850.454833984375, 834.0050048828125
2023-02-05 16:33:56.937686, 832.3600463867188, 832.3600463867188, 852.0997924804688, 834.0050048828125
2023-02-05 16:33:56.937929, 829.070068359375, 829.070068359375, 853.7448120117188, 840.5849609375
2023-02-05 16:33:56.938123, 835.6500244140625, 827.4251098632812, 848.8098754882812, 843.8749389648438
2023-02-05 16:33:56.938301, 838.9400024414062, 824.1351318359375, 847.1648559570312, 843.8749389648438
2023-02-05 16:33:56.938447, 832.3600463867188, 819.2001953125, 848.8098754882812, 838.9400024414062
2023-02-05 16:33:56.938568, 835.6500244140625, 824.1351318359375, 850.454833984375, 837.2949829101562
2023-02-05 16:33:56.938663, 834.0050048828125, 830.715087890625, 842.2299194335938, 834.0050048828125
2023-02-05 16:33:56.938757, 830.715087890625, 827.4251098632812, 845.5198974609375, 832.3600463867188
2023-02-05 16:33:56.938892, 830.715087890625, 822.4901733398438, 852.0997924804688, 835.6500244140625
2023-02-05 16:33:56.939076, 832.3600463867188, 824.1351318359375, 852.0997924804688, 832.3600463867188
2023-02-05 16:33:56.939195, 830.715087890625, 822.4901733398438, 850.454833984375, 830.715087890625
2023-02-05 16:33:56.939344, 834.0050048828125, 824.1351318359375, 850.454833984375, 837.2949829101562
2023-02-05 16:33:56.939458, 832.3600463867188, 829.070068359375, 852.0997924804688, 842.2299194335938
2023-02-05 16:33:56.939664, 830.715087890625, 822.4901733398438, 850.454833984375, 842.2299194335938
2023-02-05 16:33:56.939794, 837.2949829101562, 822.4901733398438, 845.5198974609375, 838.9400024414062
2023-02-05 16:33:56.939939, 830.715087890625, 824.1351318359375, 843.8749389648438, 837.2949829101562
2023-02-05 16:33:57.117409, 830.715087890625, 825.7801513671875, 852.0997924804688, 837.2949829101562
2023-02-05 16:33:57.117601, 834.0050048828125, 825.7801513671875, 848.8098754882812, 837.2949829101562
2023-02-05 16:33:57.117758, 834.0050048828125, 827.4251098632812, 850.454833984375, 835.6500244140625
2023-02-05 16:33:57.117918, 832.3600463867188, 819.2001953125, 842.2299194335938, 834.0050048828125
2023-02-05 16:33:57.118058, 835.6500244140625, 822.4901733398438, 837.2949829101562, 834.0050048828125
2023-02-05 16:33:57.118179, 830.715087890625, 824.1351318359375, 850.454833984375, 838.9400024414062
2023-02-05 16:33:57.118297, 827.4251098632812, 827.4251098632812, 860.32470703125, 837.2949829101562
2023-02-05 16:33:57.118418, 829.070068359375, 827.4251098632812, 853.7448120117188, 835.6500244140625
2023-02-05 16:33:57.118536, 830.715087890625, 825.7801513671875, 855.3897705078125, 834.0050048828125
2023-02-05 16:33:57.118653, 830.715087890625, 825.7801513671875, 848.8098754882812, 832.3600463867188
2023-02-05 16:33:57.118768, 827.4251098632812, 824.1351318359375, 850.454833984375, 834.0050048828125
2023-02-05 16:33:57.118884, 832.3600463867188, 819.2001953125, 850.454833984375, 843.8749389648438
2023-02-05 16:33:57.118999, 829.070068359375, 819.2001953125, 843.8749389648438, 838.9400024414062
2023-02-05 16:33:57.119115, 829.070068359375, 825.7801513671875, 837.2949829101562, 832.3600463867188
2023-02-05 16:33:57.119230, 832.3600463867188, 817.5552368164062, 848.8098754882812, 830.715087890625
2023-02-05 16:33:57.119344, 827.4251098632812, 825.7801513671875, 850.454833984375, 830.715087890625
2023-02-05 16:33:57.119810, 832.3600463867188, 825.7801513671875, 852.0997924804688, 835.6500244140625
2023-02-05 16:33:57.119979, 838.9400024414062, 825.7801513671875, 852.0997924804688, 837.2949829101562
2023-02-05 16:33:57.120100, 830.715087890625, 827.4251098632812, 850.454833984375, 837.2949829101562
2023-02-05 16:33:57.120238, 830.715087890625, 824.1351318359375, 848.8098754882812, 843.8749389648438
2023-02-05 16:33:57.120362, 830.715087890625, 822.4901733398438, 848.8098754882812, 843.8749389648438
2023-02-05 16:33:57.120539, 832.3600463867188, 827.4251098632812, 852.0997924804688, 848.8098754882812
2023-02-05 16:33:57.120657, 827.4251098632812, 824.1351318359375, 842.2299194335938, 842.2299194335938
2023-02-05 16:33:57.120792, 832.3600463867188, 827.4251098632812, 852.0997924804688, 840.5849609375
2023-02-05 16:33:57.120962, 832.3600463867188, 829.070068359375, 857.0347290039062, 842.2299194335938
2023-02-05 16:33:57.121080, 830.715087890625, 830.715087890625, 853.7448120117188, 838.9400024414062
2023-02-05 16:33:57.121220, 835.6500244140625, 830.715087890625, 857.0347290039062, 838.9400024414062
2023-02-05 16:33:57.121338, 829.070068359375, 822.4901733398438, 853.7448120117188, 837.2949829101562
2023-02-05 16:33:57.121485, 825.7801513671875, 822.4901733398438, 850.454833984375, 842.2299194335938
2023-02-05 16:33:57.121653, 827.4251098632812, 827.4251098632812, 848.8098754882812, 838.9400024414062
2023-02-05 16:33:57.121771, 822.4901733398438, 827.4251098632812, 852.0997924804688, 829.070068359375
2023-02-05 16:33:57.122113, 825.7801513671875, 834.0050048828125, 852.0997924804688, 830.715087890625
2023-02-05 16:33:57.122255, 829.070068359375, 835.6500244140625, 853.7448120117188, 835.6500244140625
2023-02-05 16:33:57.190687, 817.5552368164062, 829.070068359375, 853.7448120117188, 829.070068359375
2023-02-05 16:33:57.190905, 812.6203002929688, 825.7801513671875, 852.0997924804688, 824.1351318359375
2023-02-05 16:33:57.191050, 802.7504272460938, 832.3600463867188, 857.0347290039062, 809.330322265625
2023-02-05 16:33:57.191163, 794.5255126953125, 834.0050048828125, 861.9697265625, 801.1054077148438
2023-02-05 16:33:57.191375, 778.07568359375, 834.0050048828125, 866.9046630859375, 784.6556396484375
2023-02-05 16:33:57.191496, 771.4957885742188, 834.0050048828125, 860.32470703125, 768.205810546875
2023-02-05 16:33:57.191630, 743.5311279296875, 834.0050048828125, 852.0997924804688, 740.2411499023438
2023-02-05 16:33:57.191759, 725.4363403320312, 834.0050048828125, 855.3897705078125, 728.726318359375
2023-02-05 16:33:57.191952, 710.6315307617188, 840.5849609375, 857.0347290039062, 707.341552734375
2023-02-05 16:33:57.192132, 684.3118286132812, 838.9400024414062, 858.6797485351562, 687.601806640625
2023-02-05 16:33:57.192251, 672.7969360351562, 837.2949829101562, 852.0997924804688, 669.5070190429688
2023-02-05 16:33:57.192373, 664.5720825195312, 840.5849609375, 848.8098754882812, 661.2821044921875
2023-02-05 16:33:57.192559, 667.8619995117188, 843.8749389648438, 857.0347290039062, 664.5720825195312
2023-02-05 16:33:57.192745, 662.9270629882812, 843.8749389648438, 860.32470703125, 667.8619995117188
2023-02-05 16:33:57.192868, 667.8619995117188, 843.8749389648438, 858.6797485351562, 662.9270629882812
2023-02-05 16:33:57.193052, 674.4419555664062, 845.5198974609375, 857.0347290039062, 674.4419555664062
2023-02-05 16:33:57.193571, 676.0869140625, 838.9400024414062, 852.0997924804688, 689.2467651367188
2023-02-05 16:33:57.193699, 687.601806640625, 840.5849609375, 852.0997924804688, 700.7615966796875
2023-02-05 16:33:57.193853, 692.5367431640625, 842.2299194335938, 853.7448120117188, 702.4066162109375
2023-02-05 16:33:57.193970, 699.1166381835938, 843.8749389648438, 858.6797485351562, 705.6965942382812
2023-02-05 16:33:57.194168, 713.9214477539062, 843.8749389648438, 861.9697265625, 720.5014038085938
2023-02-05 16:33:57.194284, 720.5014038085938, 843.8749389648438, 858.6797485351562, 730.3712768554688
2023-02-05 16:33:57.194425, 730.3712768554688, 842.2299194335938, 853.7448120117188, 740.2411499023438
2023-02-05 16:33:57.194567, 743.5311279296875, 840.5849609375, 855.3897705078125, 745.1760864257812
2023-02-05 16:33:57.194751, 755.0459594726562, 835.6500244140625, 857.0347290039062, 758.3359375
2023-02-05 16:33:57.194891, 763.2708740234375, 838.9400024414062, 858.6797485351562, 771.4957885742188
2023-02-05 16:33:57.195017, 769.850830078125, 842.2299194335938, 853.7448120117188, 778.07568359375
2023-02-05 16:33:57.195154, 779.720703125, 843.8749389648438, 838.9400024414062, 787.945556640625
2023-02-05 16:33:57.195335, 784.6556396484375, 840.5849609375, 845.5198974609375, 794.5255126953125
2023-02-05 16:33:57.195460, 796.1704711914062, 830.715087890625, 853.7448120117188, 809.330322265625
2023-02-05 16:33:57.195597, 802.7504272460938, 832.3600463867188, 848.8098754882812, 812.6203002929688
2023-02-05 16:33:57.195727, 801.1054077148438, 827.4251098632812, 852.0997924804688, 814.2652587890625
2023-02-05 16:33:57.288862, 815.9102783203125, 829.070068359375, 848.8098754882812, 824.1351318359375
2023-02-05 16:33:57.289038, 824.1351318359375, 827.4251098632812, 845.5198974609375, 827.4251098632812
2023-02-05 16:33:57.289168, 829.070068359375, 827.4251098632812, 845.5198974609375, 835.6500244140625
2023-02-05 16:33:57.289291, 837.2949829101562, 830.715087890625, 845.5198974609375, 840.5849609375
2023-02-05 16:33:57.289412, 845.5198974609375, 832.3600463867188, 842.2299194335938, 843.8749389648438
2023-02-05 16:33:57.289529, 852.0997924804688, 825.7801513671875, 842.2299194335938, 852.0997924804688
2023-02-05 16:33:57.289645, 852.0997924804688, 819.2001953125, 843.8749389648438, 855.3897705078125
2023-02-05 16:33:57.289761, 858.6797485351562, 820.84521484375, 838.9400024414062, 865.2596435546875
2023-02-05 16:33:57.289877, 860.32470703125, 824.1351318359375, 842.2299194335938, 871.839599609375
2023-02-05 16:33:57.289992, 866.9046630859375, 825.7801513671875, 847.1648559570312, 870.194580078125
2023-02-05 16:33:57.290107, 875.1295166015625, 825.7801513671875, 843.8749389648438, 880.064453125
2023-02-05 16:33:57.290223, 871.839599609375, 824.1351318359375, 848.8098754882812, 878.4194946289062
2023-02-05 16:33:57.290351, 875.1295166015625, 824.1351318359375, 838.9400024414062, 880.064453125
2023-02-05 16:33:57.290446, 873.4845581054688, 825.7801513671875, 840.5849609375, 878.4194946289062
2023-02-05 16:33:57.290539, 873.4845581054688, 825.7801513671875, 847.1648559570312, 880.064453125
2023-02-05 16:33:57.290632, 873.4845581054688, 817.5552368164062, 842.2299194335938, 878.4194946289062
2023-02-05 16:33:57.291173, 876.7745361328125, 817.5552368164062, 842.2299194335938, 883.3544311523438
2023-02-05 16:33:57.291292, 886.6444091796875, 824.1351318359375, 838.9400024414062, 888.2893676757812
2023-02-05 16:33:57.291422, 881.70947265625, 819.2001953125, 843.8749389648438, 881.70947265625
2023-02-05 16:33:57.291563, 873.4845581054688, 819.2001953125, 843.8749389648438, 884.9994506835938
2023-02-05 16:33:57.291711, 876.7745361328125, 819.2001953125, 847.1648559570312, 889.9343872070312
2023-02-05 16:33:57.291942, 878.4194946289062, 815.9102783203125, 845.5198974609375, 889.9343872070312
2023-02-05 16:33:57.292148, 884.9994506835938, 820.84521484375, 842.2299194335938, 891.579345703125
2023-02-05 16:33:57.292283, 889.9343872070312, 824.1351318359375, 843.8749389648438, 889.9343872070312
2023-02-05 16:33:57.292486, 886.6444091796875, 825.7801513671875, 843.8749389648438, 889.9343872070312
2023-02-05 16:33:57.292619, 884.9994506835938, 824.1351318359375, 847.1648559570312, 891.579345703125
2023-02-05 16:33:57.292743, 888.2893676757812, 820.84521484375, 838.9400024414062, 894.8693237304688
2023-02-05 16:33:57.292886, 894.8693237304688, 817.5552368164062, 842.2299194335938, 908.0291748046875
2023-02-05 16:33:57.293053, 891.579345703125, 824.1351318359375, 850.454833984375, 896.5142822265625
2023-02-05 16:33:57.293175, 899.8042602539062, 829.070068359375, 853.7448120117188, 898.1592407226562
2023-02-05 16:33:57.293294, 901.44921875, 824.1351318359375, 853.7448120117188, 899.8042602539062
2023-02-05 16:33:57.293460, 888.2893676757812, 820.84521484375, 848.8098754882812, 891.579345703125
2023-02-05 16:33:57.407547, 888.2893676757812, 822.4901733398438, 842.2299194335938, 899.8042602539062
2023-02-05 16:33:57.407714, 888.2893676757812, 827.4251098632812, 848.8098754882812, 893.2243041992188
2023-02-05 16:33:57.407845, 886.6444091796875, 824.1351318359375, 853.7448120117188, 896.5142822265625
2023-02-05 16:33:57.407970, 889.9343872070312, 819.2001953125, 847.1648559570312, 898.1592407226562
2023-02-05 16:33:57.408092, 894.8693237304688, 819.2001953125, 842.2299194335938, 906.3841552734375
2023-02-05 16:33:57.408211, 893.2243041992188, 820.84521484375, 840.5849609375, 909.6741333007812
2023-02-05 16:33:57.408330, 888.2893676757812, 824.1351318359375, 848.8098754882812, 898.1592407226562
2023-02-05 16:33:57.408449, 886.6444091796875, 822.4901733398438, 852.0997924804688, 891.579345703125
2023-02-05 16:33:57.408568, 886.6444091796875, 822.4901733398438, 847.1648559570312, 884.9994506835938
2023-02-05 16:33:57.408685, 881.70947265625, 825.7801513671875, 848.8098754882812, 881.70947265625
2023-02-05 16:33:57.408802, 883.3544311523438, 824.1351318359375, 845.5198974609375, 881.70947265625
2023-02-05 16:33:57.408919, 880.064453125, 825.7801513671875, 843.8749389648438, 883.3544311523438
2023-02-05 16:33:57.409035, 875.1295166015625, 822.4901733398438, 845.5198974609375, 881.70947265625
2023-02-05 16:33:57.409152, 878.4194946289062, 822.4901733398438, 840.5849609375, 878.4194946289062
2023-02-05 16:33:57.409269, 875.1295166015625, 820.84521484375, 845.5198974609375, 876.7745361328125
2023-02-05 16:33:57.409384, 871.839599609375, 820.84521484375, 855.3897705078125, 875.1295166015625
2023-02-05 16:33:57.517901, 861.9697265625, 824.1351318359375, 848.8098754882812, 865.2596435546875
2023-02-05 16:33:57.518228, 857.0347290039062, 820.84521484375, 845.5198974609375, 865.2596435546875
2023-02-05 16:33:57.518363, 861.9697265625, 819.2001953125, 847.1648559570312, 873.4845581054688
2023-02-05 16:33:57.518509, 857.0347290039062, 815.9102783203125, 848.8098754882812, 870.194580078125
2023-02-05 16:33:57.518703, 857.0347290039062, 817.5552368164062, 853.7448120117188, 873.4845581054688
2023-02-05 16:33:57.518825, 860.32470703125, 822.4901733398438, 852.0997924804688, 865.2596435546875
2023-02-05 16:33:57.518956, 853.7448120117188, 820.84521484375, 845.5198974609375, 857.0347290039062
2023-02-05 16:33:57.519095, 855.3897705078125, 817.5552368164062, 850.454833984375, 857.0347290039062
2023-02-05 16:33:57.519318, 853.7448120117188, 819.2001953125, 850.454833984375, 852.0997924804688
2023-02-05 16:33:57.519464, 850.454833984375, 820.84521484375, 848.8098754882812, 853.7448120117188
2023-02-05 16:33:57.519576, 852.0997924804688, 822.4901733398438, 845.5198974609375, 857.0347290039062
2023-02-05 16:33:57.519753, 848.8098754882812, 820.84521484375, 853.7448120117188, 853.7448120117188
2023-02-05 16:33:57.519982, 850.454833984375, 814.2652587890625, 857.0347290039062, 857.0347290039062
2023-02-05 16:33:57.520123, 848.8098754882812, 814.2652587890625, 853.7448120117188, 861.9697265625
2023-02-05 16:33:57.520238, 845.5198974609375, 819.2001953125, 853.7448120117188, 858.6797485351562
2023-02-05 16:33:57.520343, 850.454833984375, 815.9102783203125, 852.0997924804688, 858.6797485351562
2023-02-05 16:33:57.520996, 848.8098754882812, 817.5552368164062, 850.454833984375, 855.3897705078125
2023-02-05 16:33:57.521147, 850.454833984375, 820.84521484375, 852.0997924804688, 853.7448120117188
2023-02-05 16:33:57.521446, 855.3897705078125, 820.84521484375, 848.8098754882812, 853.7448120117188
2023-02-05 16:33:57.521556, 855.3897705078125, 825.7801513671875, 842.2299194335938, 857.0347290039062
2023-02-05 16:33:57.521657, 852.0997924804688, 824.1351318359375, 845.5198974609375, 857.0347290039062
2023-02-05 16:33:57.521775, 853.7448120117188, 824.1351318359375, 853.7448120117188, 852.0997924804688
2023-02-05 16:33:57.521960, 847.1648559570312, 820.84521484375, 853.7448120117188, 855.3897705078125
2023-02-05 16:33:57.522072, 845.5198974609375, 824.1351318359375, 855.3897705078125, 855.3897705078125
2023-02-05 16:33:57.522282, 842.2299194335938, 825.7801513671875, 853.7448120117188, 852.0997924804688
2023-02-05 16:33:57.522398, 837.2949829101562, 815.9102783203125, 853.7448120117188, 855.3897705078125
2023-02-05 16:33:57.522545, 842.2299194335938, 822.4901733398438, 853.7448120117188, 853.7448120117188
2023-02-05 16:33:57.522663, 845.5198974609375, 824.1351318359375, 850.454833984375, 855.3897705078125
2023-02-05 16:33:57.522875, 845.5198974609375, 825.7801513671875, 845.5198974609375, 857.0347290039062
2023-02-05 16:33:57.522992, 843.8749389648438, 827.4251098632812, 842.2299194335938, 848.8098754882812
2023-02-05 16:33:57.523137, 845.5198974609375, 824.1351318359375, 855.3897705078125, 850.454833984375
2023-02-05 16:33:57.523262, 842.2299194335938, 822.4901733398438, 855.3897705078125, 847.1648559570312
2023-02-05 16:33:57.677030, 845.5198974609375, 820.84521484375, 857.0347290039062, 853.7448120117188
2023-02-05 16:33:57.677135, 845.5198974609375, 820.84521484375, 848.8098754882812, 855.3897705078125
2023-02-05 16:33:57.677243, 845.5198974609375, 822.4901733398438, 847.1648559570312, 850.454833984375
2023-02-05 16:33:57.677318, 845.5198974609375, 819.2001953125, 853.7448120117188, 852.0997924804688
2023-02-05 16:33:57.677390, 840.5849609375, 824.1351318359375, 847.1648559570312, 848.8098754882812
2023-02-05 16:33:57.677461, 837.2949829101562, 825.7801513671875, 847.1648559570312, 853.7448120117188
2023-02-05 16:33:57.677531, 840.5849609375, 824.1351318359375, 852.0997924804688, 848.8098754882812
2023-02-05 16:33:57.677602, 840.5849609375, 829.070068359375, 853.7448120117188, 843.8749389648438
2023-02-05 16:33:57.677796, 847.1648559570312, 827.4251098632812, 853.7448120117188, 855.3897705078125
2023-02-05 16:33:57.677912, 842.2299194335938, 827.4251098632812, 850.454833984375, 855.3897705078125
2023-02-05 16:33:57.678075, 842.2299194335938, 827.4251098632812, 847.1648559570312, 853.7448120117188
2023-02-05 16:33:57.678204, 845.5198974609375, 825.7801513671875, 850.454833984375, 848.8098754882812
2023-02-05 16:33:57.678386, 843.8749389648438, 824.1351318359375, 850.454833984375, 842.2299194335938
2023-02-05 16:33:57.678518, 847.1648559570312, 827.4251098632812, 850.454833984375, 845.5198974609375
2023-02-05 16:33:57.678649, 847.1648559570312, 825.7801513671875, 848.8098754882812, 848.8098754882812
2023-02-05 16:33:57.678812, 853.7448120117188, 827.4251098632812, 843.8749389648438, 853.7448120117188
2023-02-05 16:33:57.678975, 848.8098754882812, 827.4251098632812, 848.8098754882812, 848.8098754882812
2023-02-05 16:33:57.832037, 848.8098754882812, 829.070068359375, 852.0997924804688, 850.454833984375
2023-02-05 16:33:57.832201, 848.8098754882812, 827.4251098632812, 850.454833984375, 848.8098754882812
2023-02-05 16:33:57.832365, 845.5198974609375, 829.070068359375, 855.3897705078125, 847.1648559570312
2023-02-05 16:33:57.832539, 848.8098754882812, 829.070068359375, 852.0997924804688, 853.7448120117188
2023-02-05 16:33:57.832684, 847.1648559570312, 825.7801513671875, 848.8098754882812, 853.7448120117188
2023-02-05 16:33:57.832798, 845.5198974609375, 824.1351318359375, 852.0997924804688, 850.454833984375
2023-02-05 16:33:57.832969, 848.8098754882812, 827.4251098632812, 852.0997924804688, 853.7448120117188
2023-02-05 16:33:57.833157, 852.0997924804688, 824.1351318359375, 847.1648559570312, 857.0347290039062
2023-02-05 16:33:57.833295, 845.5198974609375, 824.1351318359375, 843.8749389648438, 855.3897705078125
2023-02-05 16:33:57.833422, 850.454833984375, 825.7801513671875, 850.454833984375, 850.454833984375
2023-02-05 16:33:57.833565, 848.8098754882812, 819.2001953125, 842.2299194335938, 852.0997924804688
2023-02-05 16:33:57.833754, 843.8749389648438, 824.1351318359375, 847.1648559570312, 852.0997924804688
2023-02-05 16:33:57.833902, 838.9400024414062, 824.1351318359375, 853.7448120117188, 848.8098754882812
2023-02-05 16:33:57.834083, 835.6500244140625, 824.1351318359375, 847.1648559570312, 858.6797485351562
2023-02-05 16:33:57.834179, 832.3600463867188, 820.84521484375, 855.3897705078125, 848.8098754882812
2023-02-05 16:33:57.834385, 832.3600463867188, 820.84521484375, 860.32470703125, 847.1648559570312
2023-02-05 16:33:57.834962, 835.6500244140625, 820.84521484375, 853.7448120117188, 845.5198974609375
2023-02-05 16:33:57.835074, 838.9400024414062, 817.5552368164062, 860.32470703125, 840.5849609375
2023-02-05 16:33:57.835259, 837.2949829101562, 824.1351318359375, 855.3897705078125, 842.2299194335938
2023-02-05 16:33:57.835424, 837.2949829101562, 822.4901733398438, 852.0997924804688, 845.5198974609375
2023-02-05 16:33:57.835539, 830.715087890625, 824.1351318359375, 853.7448120117188, 845.5198974609375
2023-02-05 16:33:57.835676, 834.0050048828125, 827.4251098632812, 853.7448120117188, 843.8749389648438
2023-02-05 16:33:57.835831, 835.6500244140625, 824.1351318359375, 850.454833984375, 850.454833984375
2023-02-05 16:33:57.836003, 837.2949829101562, 822.4901733398438, 845.5198974609375, 853.7448120117188
2023-02-05 16:33:57.836125, 834.0050048828125, 825.7801513671875, 845.5198974609375, 847.1648559570312
2023-02-05 16:33:57.836243, 832.3600463867188, 829.070068359375, 853.7448120117188, 842.2299194335938
2023-02-05 16:33:57.836389, 832.3600463867188, 827.4251098632812, 853.7448120117188, 842.2299194335938
2023-02-05 16:33:57.836595, 834.0050048828125, 827.4251098632812, 857.0347290039062, 847.1648559570312
2023-02-05 16:33:57.836705, 834.0050048828125, 829.070068359375, 855.3897705078125, 848.8098754882812
2023-02-05 16:33:57.836851, 835.6500244140625, 827.4251098632812, 852.0997924804688, 847.1648559570312
2023-02-05 16:33:57.836985, 838.9400024414062, 827.4251098632812, 853.7448120117188, 842.2299194335938
2023-02-05 16:33:57.837139, 835.6500244140625, 825.7801513671875, 852.0997924804688, 835.6500244140625
2023-02-05 16:33:57.837611, 842.2299194335938, 827.4251098632812, 852.0997924804688, 847.1648559570312
2023-02-05 16:33:57.837781, 835.6500244140625, 825.7801513671875, 847.1648559570312, 848.8098754882812
2023-02-05 16:33:57.837964, 834.0050048828125, 824.1351318359375, 845.5198974609375, 850.454833984375
2023-02-05 16:33:57.838177, 835.6500244140625, 824.1351318359375, 850.454833984375, 852.0997924804688
2023-02-05 16:33:57.838319, 830.715087890625, 829.070068359375, 847.1648559570312, 843.8749389648438
2023-02-05 16:33:57.838399, 835.6500244140625, 827.4251098632812, 852.0997924804688, 843.8749389648438
2023-02-05 16:33:57.838475, 832.3600463867188, 829.070068359375, 850.454833984375, 843.8749389648438
2023-02-05 16:33:57.838624, 834.0050048828125, 825.7801513671875, 850.454833984375, 840.5849609375
2023-02-05 16:33:57.838704, 835.6500244140625, 822.4901733398438, 848.8098754882812, 837.2949829101562
2023-02-05 16:33:57.838794, 835.6500244140625, 825.7801513671875, 847.1648559570312, 837.2949829101562
2023-02-05 16:33:57.838877, 835.6500244140625, 827.4251098632812, 850.454833984375, 832.3600463867188
2023-02-05 16:33:57.839047, 830.715087890625, 830.715087890625, 850.454833984375, 835.6500244140625
2023-02-05 16:33:57.839154, 832.3600463867188, 827.4251098632812, 842.2299194335938, 840.5849609375
2023-02-05 16:33:57.839270, 829.070068359375, 827.4251098632812, 843.8749389648438, 837.2949829101562
2023-02-05 16:33:57.839380, 832.3600463867188, 829.070068359375, 850.454833984375, 840.5849609375
2023-02-05 16:33:57.839488, 835.6500244140625, 827.4251098632812, 848.8098754882812, 842.2299194335938
2023-02-05 16:33:57.956129, 835.6500244140625, 824.1351318359375, 857.0347290039062, 845.5198974609375
2023-02-05 16:33:57.956236, 835.6500244140625, 820.84521484375, 848.8098754882812, 848.8098754882812
2023-02-05 16:33:57.956316, 835.6500244140625, 824.1351318359375, 837.2949829101562, 845.5198974609375
2023-02-05 16:33:57.956391, 834.0050048828125, 822.4901733398438, 845.5198974609375, 842.2299194335938
2023-02-05 16:33:57.956464, 834.0050048828125, 827.4251098632812, 848.8098754882812, 840.5849609375
2023-02-05 16:33:57.956536, 835.6500244140625, 829.070068359375, 847.1648559570312, 840.5849609375
2023-02-05 16:33:57.956607, 835.6500244140625, 827.4251098632812, 857.0347290039062, 840.5849609375
2023-02-05 16:33:57.956678, 837.2949829101562, 829.070068359375, 852.0997924804688, 837.2949829101562
2023-02-05 16:33:57.956749, 838.9400024414062, 830.715087890625, 853.7448120117188, 842.2299194335938
2023-02-05 16:33:57.956820, 838.9400024414062, 824.1351318359375, 852.0997924804688, 843.8749389648438
2023-02-05 16:33:57.956891, 835.6500244140625, 824.1351318359375, 842.2299194335938, 838.9400024414062
2023-02-05 16:33:57.956962, 835.6500244140625, 830.715087890625, 840.5849609375, 838.9400024414062
2023-02-05 16:33:57.957033, 830.715087890625, 827.4251098632812, 848.8098754882812, 834.0050048828125
2023-02-05 16:33:57.957103, 834.0050048828125, 832.3600463867188, 853.7448120117188, 837.2949829101562
2023-02-05 16:33:57.957174, 835.6500244140625, 830.715087890625, 853.7448120117188, 840.5849609375
2023-02-05 16:33:57.957244, 835.6500244140625, 829.070068359375, 853.7448120117188, 837.2949829101562
2023-02-05 16:33:57.957464, 834.0050048828125, 827.4251098632812, 855.3897705078125, 838.9400024414062
2023-02-05 16:33:57.957535, 832.3600463867188, 824.1351318359375, 850.454833984375, 838.9400024414062
2023-02-05 16:33:57.957606, 832.3600463867188, 822.4901733398438, 852.0997924804688, 837.2949829101562
2023-02-05 16:33:57.957676, 835.6500244140625, 824.1351318359375, 845.5198974609375, 840.5849609375
2023-02-05 16:33:57.957745, 838.9400024414062, 827.4251098632812, 847.1648559570312, 835.6500244140625
2023-02-05 16:33:57.958059, 838.9400024414062, 829.070068359375, 850.454833984375, 837.2949829101562
2023-02-05 16:33:57.958142, 835.6500244140625, 824.1351318359375, 852.0997924804688, 837.2949829101562
2023-02-05 16:33:57.958216, 830.715087890625, 824.1351318359375, 853.7448120117188, 835.6500244140625
2023-02-05 16:33:57.958289, 832.3600463867188, 825.7801513671875, 852.0997924804688, 837.2949829101562
2023-02-05 16:33:57.958362, 834.0050048828125, 820.84521484375, 852.0997924804688, 837.2949829101562
2023-02-05 16:33:57.958433, 832.3600463867188, 822.4901733398438, 850.454833984375, 837.2949829101562
2023-02-05 16:33:57.958504, 837.2949829101562, 827.4251098632812, 850.454833984375, 838.9400024414062
2023-02-05 16:33:57.958575, 835.6500244140625, 829.070068359375, 852.0997924804688, 843.8749389648438
2023-02-05 16:33:57.958646, 834.0050048828125, 825.7801513671875, 852.0997924804688, 847.1648559570312
2023-02-05 16:33:57.958717, 829.070068359375, 824.1351318359375, 848.8098754882812, 837.2949829101562
2023-02-05 16:33:57.958787, 825.7801513671875, 820.84521484375, 847.1648559570312, 838.9400024414062
2023-02-05 16:33:58.070396, 825.7801513671875, 827.4251098632812, 843.8749389648438, 834.0050048828125
2023-02-05 16:33:58.070514, 827.4251098632812, 825.7801513671875, 845.5198974609375, 834.0050048828125
2023-02-05 16:33:58.070599, 830.715087890625, 817.5552368164062, 850.454833984375, 835.6500244140625
2023-02-05 16:33:58.070678, 829.070068359375, 824.1351318359375, 843.8749389648438, 830.715087890625
2023-02-05 16:33:58.070757, 824.1351318359375, 825.7801513671875, 845.5198974609375, 834.0050048828125
2023-02-05 16:33:58.070833, 824.1351318359375, 824.1351318359375, 850.454833984375, 834.0050048828125
2023-02-05 16:33:58.070913, 832.3600463867188, 824.1351318359375, 848.8098754882812, 835.6500244140625
2023-02-05 16:33:58.070988, 827.4251098632812, 822.4901733398438, 848.8098754882812, 838.9400024414062
2023-02-05 16:33:58.071063, 825.7801513671875, 820.84521484375, 845.5198974609375, 837.2949829101562
2023-02-05 16:33:58.071176, 830.715087890625, 824.1351318359375, 852.0997924804688, 835.6500244140625
2023-02-05 16:33:58.071330, 827.4251098632812, 820.84521484375, 857.0347290039062, 838.9400024414062
2023-02-05 16:33:58.071509, 827.4251098632812, 825.7801513671875, 855.3897705078125, 834.0050048828125
2023-02-05 16:33:58.071645, 830.715087890625, 834.0050048828125, 853.7448120117188, 837.2949829101562
2023-02-05 16:33:58.071783, 827.4251098632812, 834.0050048828125, 843.8749389648438, 838.9400024414062
2023-02-05 16:33:58.071926, 834.0050048828125, 830.715087890625, 850.454833984375, 834.0050048828125
2023-02-05 16:33:58.072098, 838.9400024414062, 824.1351318359375, 857.0347290039062, 838.9400024414062
2023-02-05 16:33:58.288992, 837.2949829101562, 824.1351318359375, 852.0997924804688, 838.9400024414062
2023-02-05 16:33:58.289241, 837.2949829101562, 824.1351318359375, 852.0997924804688, 835.6500244140625
2023-02-05 16:33:58.289416, 837.2949829101562, 825.7801513671875, 848.8098754882812, 837.2949829101562
2023-02-05 16:33:58.289576, 834.0050048828125, 824.1351318359375, 855.3897705078125, 840.5849609375
2023-02-05 16:33:58.289731, 829.070068359375, 825.7801513671875, 853.7448120117188, 842.2299194335938
2023-02-05 16:33:58.289882, 825.7801513671875, 829.070068359375, 850.454833984375, 838.9400024414062
2023-02-05 16:33:58.290031, 825.7801513671875, 834.0050048828125, 855.3897705078125, 837.2949829101562
2023-02-05 16:33:58.290179, 829.070068359375, 829.070068359375, 850.454833984375, 837.2949829101562
2023-02-05 16:33:58.290326, 827.4251098632812, 827.4251098632812, 850.454833984375, 834.0050048828125
2023-02-05 16:33:58.290474, 824.1351318359375, 825.7801513671875, 847.1648559570312, 835.6500244140625
2023-02-05 16:33:58.290621, 827.4251098632812, 825.7801513671875, 847.1648559570312, 829.070068359375
2023-02-05 16:33:58.290767, 830.715087890625, 830.715087890625, 848.8098754882812, 832.3600463867188
2023-02-05 16:33:58.290917, 835.6500244140625, 829.070068359375, 845.5198974609375, 835.6500244140625
2023-02-05 16:33:58.291102, 827.4251098632812, 825.7801513671875, 847.1648559570312, 832.3600463867188
2023-02-05 16:33:58.291224, 827.4251098632812, 827.4251098632812, 845.5198974609375, 835.6500244140625
2023-02-05 16:33:58.291437, 830.715087890625, 830.715087890625, 850.454833984375, 837.2949829101562
2023-02-05 16:33:58.291877, 829.070068359375, 820.84521484375, 855.3897705078125, 832.3600463867188
2023-02-05 16:33:58.292015, 830.715087890625, 822.4901733398438, 847.1648559570312, 827.4251098632812
2023-02-05 16:33:58.292137, 822.4901733398438, 820.84521484375, 848.8098754882812, 827.4251098632812
2023-02-05 16:33:58.292353, 825.7801513671875, 824.1351318359375, 852.0997924804688, 832.3600463867188
2023-02-05 16:33:58.292481, 825.7801513671875, 829.070068359375, 852.0997924804688, 837.2949829101562
2023-02-05 16:33:58.292600, 824.1351318359375, 825.7801513671875, 848.8098754882812, 838.9400024414062
2023-02-05 16:33:58.292734, 822.4901733398438, 825.7801513671875, 850.454833984375, 834.0050048828125
2023-02-05 16:33:58.292912, 827.4251098632812, 825.7801513671875, 855.3897705078125, 838.9400024414062
2023-02-05 16:33:58.293051, 835.6500244140625, 830.715087890625, 853.7448120117188, 838.9400024414062
2023-02-05 16:33:58.293170, 835.6500244140625, 827.4251098632812, 852.0997924804688, 840.5849609375
2023-02-05 16:33:58.293312, 837.2949829101562, 824.1351318359375, 845.5198974609375, 838.9400024414062
2023-02-05 16:33:58.293539, 830.715087890625, 824.1351318359375, 848.8098754882812, 834.0050048828125
2023-02-05 16:33:58.293664, 834.0050048828125, 829.070068359375, 852.0997924804688, 830.715087890625
2023-02-05 16:33:58.293782, 832.3600463867188, 829.070068359375, 850.454833984375, 835.6500244140625
2023-02-05 16:33:58.293915, 825.7801513671875, 825.7801513671875, 853.7448120117188, 829.070068359375
2023-02-05 16:33:58.294091, 827.4251098632812, 827.4251098632812, 852.0997924804688, 830.715087890625
2023-02-05 16:33:58.294212, 827.4251098632812, 825.7801513671875, 855.3897705078125, 832.3600463867188
2023-02-05 16:33:58.425671, 830.715087890625, 830.715087890625, 852.0997924804688, 825.7801513671875
2023-02-05 16:33:58.425850, 829.070068359375, 829.070068359375, 850.454833984375, 834.0050048828125
2023-02-05 16:33:58.426043, 822.4901733398438, 827.4251098632812, 840.5849609375, 838.9400024414062
2023-02-05 16:33:58.426168, 827.4251098632812, 827.4251098632812, 842.2299194335938, 834.0050048828125
2023-02-05 16:33:58.426306, 829.070068359375, 825.7801513671875, 855.3897705078125, 834.0050048828125
2023-02-05 16:33:58.426433, 824.1351318359375, 824.1351318359375, 857.0347290039062, 830.715087890625
2023-02-05 16:33:58.426615, 827.4251098632812, 822.4901733398438, 860.32470703125, 825.7801513671875
2023-02-05 16:33:58.426737, 830.715087890625, 822.4901733398438, 858.6797485351562, 835.6500244140625
2023-02-05 16:33:58.427000, 822.4901733398438, 825.7801513671875, 853.7448120117188, 829.070068359375
2023-02-05 16:33:58.427198, 830.715087890625, 827.4251098632812, 853.7448120117188, 840.5849609375
2023-02-05 16:33:58.427394, 827.4251098632812, 825.7801513671875, 848.8098754882812, 843.8749389648438
2023-02-05 16:33:58.427498, 825.7801513671875, 830.715087890625, 843.8749389648438, 835.6500244140625
2023-02-05 16:33:58.427646, 834.0050048828125, 832.3600463867188, 847.1648559570312, 835.6500244140625
2023-02-05 16:33:58.427771, 832.3600463867188, 832.3600463867188, 850.454833984375, 832.3600463867188
2023-02-05 16:33:58.427937, 832.3600463867188, 829.070068359375, 853.7448120117188, 832.3600463867188
2023-02-05 16:33:58.428120, 832.3600463867188, 829.070068359375, 847.1648559570312, 830.715087890625
2023-02-05 16:33:58.428891, 830.715087890625, 827.4251098632812, 847.1648559570312, 837.2949829101562
2023-02-05 16:33:58.429056, 824.1351318359375, 824.1351318359375, 847.1648559570312, 832.3600463867188
2023-02-05 16:33:58.429240, 825.7801513671875, 827.4251098632812, 850.454833984375, 832.3600463867188
2023-02-05 16:33:58.429360, 820.84521484375, 824.1351318359375, 850.454833984375, 837.2949829101562
2023-02-05 16:33:58.429488, 825.7801513671875, 829.070068359375, 850.454833984375, 830.715087890625
2023-02-05 16:33:58.429615, 829.070068359375, 829.070068359375, 852.0997924804688, 832.3600463867188
2023-02-05 16:33:58.429789, 829.070068359375, 825.7801513671875, 850.454833984375, 832.3600463867188
2023-02-05 16:33:58.429901, 832.3600463867188, 827.4251098632812, 848.8098754882812, 832.3600463867188
2023-02-05 16:33:58.430096, 834.0050048828125, 827.4251098632812, 852.0997924804688, 842.2299194335938
2023-02-05 16:33:58.430211, 835.6500244140625, 824.1351318359375, 850.454833984375, 835.6500244140625
2023-02-05 16:33:58.430394, 834.0050048828125, 827.4251098632812, 847.1648559570312, 835.6500244140625
2023-02-05 16:33:58.430505, 835.6500244140625, 829.070068359375, 848.8098754882812, 834.0050048828125
2023-02-05 16:33:58.430646, 837.2949829101562, 829.070068359375, 842.2299194335938, 834.0050048828125
2023-02-05 16:33:58.430771, 834.0050048828125, 827.4251098632812, 842.2299194335938, 840.5849609375
2023-02-05 16:33:58.430981, 832.3600463867188, 825.7801513671875, 850.454833984375, 838.9400024414062
2023-02-05 16:33:58.431375, 830.715087890625, 822.4901733398438, 850.454833984375, 840.5849609375
2023-02-05 16:33:58.431959, 830.715087890625, 824.1351318359375, 852.0997924804688, 843.8749389648438
2023-02-05 16:33:58.432086, 830.715087890625, 824.1351318359375, 858.6797485351562, 842.2299194335938
2023-02-05 16:33:58.432285, 832.3600463867188, 824.1351318359375, 853.7448120117188, 843.8749389648438
2023-02-05 16:33:58.432411, 834.0050048828125, 824.1351318359375, 858.6797485351562, 840.5849609375
2023-02-05 16:33:58.432539, 835.6500244140625, 824.1351318359375, 858.6797485351562, 840.5849609375
2023-02-05 16:33:58.432675, 835.6500244140625, 822.4901733398438, 848.8098754882812, 848.8098754882812
2023-02-05 16:33:58.432850, 832.3600463867188, 820.84521484375, 847.1648559570312, 843.8749389648438
2023-02-05 16:33:58.432959, 832.3600463867188, 822.4901733398438, 850.454833984375, 835.6500244140625
2023-02-05 16:33:58.433223, 835.6500244140625, 822.4901733398438, 850.454833984375, 834.0050048828125
2023-02-05 16:33:58.433316, 837.2949829101562, 827.4251098632812, 850.454833984375, 832.3600463867188
2023-02-05 16:33:58.433401, 834.0050048828125, 825.7801513671875, 842.2299194335938, 832.3600463867188
2023-02-05 16:33:58.433540, 838.9400024414062, 825.7801513671875, 850.454833984375, 832.3600463867188
2023-02-05 16:33:58.433673, 837.2949829101562, 827.4251098632812, 848.8098754882812, 838.9400024414062
2023-02-05 16:33:58.433812, 838.9400024414062, 824.1351318359375, 845.5198974609375, 830.715087890625
2023-02-05 16:33:58.434023, 838.9400024414062, 824.1351318359375, 853.7448120117188, 837.2949829101562
2023-02-05 16:33:58.434143, 834.0050048828125, 822.4901733398438, 845.5198974609375, 837.2949829101562
2023-02-05 16:33:58.570611, 830.715087890625, 817.5552368164062, 847.1648559570312, 837.2949829101562
2023-02-05 16:33:58.570784, 830.715087890625, 819.2001953125, 847.1648559570312, 835.6500244140625
2023-02-05 16:33:58.570918, 832.3600463867188, 817.5552368164062, 842.2299194335938, 835.6500244140625
2023-02-05 16:33:58.571048, 834.0050048828125, 819.2001953125, 847.1648559570312, 834.0050048828125
2023-02-05 16:33:58.571171, 835.6500244140625, 822.4901733398438, 847.1648559570312, 830.715087890625
2023-02-05 16:33:58.571295, 830.715087890625, 819.2001953125, 845.5198974609375, 837.2949829101562
2023-02-05 16:33:58.571416, 827.4251098632812, 820.84521484375, 845.5198974609375, 837.2949829101562
2023-02-05 16:33:58.571535, 825.7801513671875, 819.2001953125, 847.1648559570312, 838.9400024414062
2023-02-05 16:33:58.571658, 829.070068359375, 822.4901733398438, 850.454833984375, 840.5849609375
2023-02-05 16:33:58.571785, 834.0050048828125, 822.4901733398438, 848.8098754882812, 843.8749389648438
2023-02-05 16:33:58.571917, 830.715087890625, 827.4251098632812, 848.8098754882812, 834.0050048828125
2023-02-05 16:33:58.572052, 825.7801513671875, 825.7801513671875, 843.8749389648438, 825.7801513671875
2023-02-05 16:33:58.572298, 832.3600463867188, 829.070068359375, 837.2949829101562, 832.3600463867188
2023-02-05 16:33:58.572472, 834.0050048828125, 832.3600463867188, 840.5849609375, 832.3600463867188
2023-02-05 16:33:58.572592, 827.4251098632812, 827.4251098632812, 842.2299194335938, 827.4251098632812
2023-02-05 16:33:58.572698, 834.0050048828125, 832.3600463867188, 840.5849609375, 834.0050048828125
2023-02-05 16:33:58.573003, 834.0050048828125, 832.3600463867188, 842.2299194335938, 829.070068359375
2023-02-05 16:33:58.573101, 830.715087890625, 824.1351318359375, 837.2949829101562, 829.070068359375
2023-02-05 16:33:58.573196, 843.8749389648438, 829.070068359375, 838.9400024414062, 840.5849609375
2023-02-05 16:33:58.573290, 847.1648559570312, 829.070068359375, 842.2299194335938, 842.2299194335938
2023-02-05 16:33:58.573383, 843.8749389648438, 832.3600463867188, 843.8749389648438, 843.8749389648438
2023-02-05 16:33:58.573475, 845.5198974609375, 834.0050048828125, 842.2299194335938, 842.2299194335938
2023-02-05 16:33:58.573567, 845.5198974609375, 832.3600463867188, 837.2949829101562, 840.5849609375
2023-02-05 16:33:58.573659, 845.5198974609375, 834.0050048828125, 840.5849609375, 843.8749389648438
2023-02-05 16:33:58.573750, 843.8749389648438, 829.070068359375, 842.2299194335938, 850.454833984375
2023-02-05 16:33:58.573842, 845.5198974609375, 827.4251098632812, 843.8749389648438, 850.454833984375
2023-02-05 16:33:58.573933, 843.8749389648438, 830.715087890625, 847.1648559570312, 848.8098754882812
2023-02-05 16:33:58.574026, 842.2299194335938, 830.715087890625, 843.8749389648438, 848.8098754882812
2023-02-05 16:33:58.574119, 847.1648559570312, 834.0050048828125, 838.9400024414062, 850.454833984375
2023-02-05 16:33:58.574211, 842.2299194335938, 830.715087890625, 845.5198974609375, 848.8098754882812
2023-02-05 16:33:58.574306, 842.2299194335938, 829.070068359375, 845.5198974609375, 840.5849609375
2023-02-05 16:33:58.574400, 842.2299194335938, 829.070068359375, 845.5198974609375, 837.2949829101562
2023-02-05 16:33:58.664162, 838.9400024414062, 827.4251098632812, 848.8098754882812, 840.5849609375
2023-02-05 16:33:58.664359, 838.9400024414062, 825.7801513671875, 845.5198974609375, 845.5198974609375
2023-02-05 16:33:58.664512, 835.6500244140625, 827.4251098632812, 847.1648559570312, 840.5849609375
2023-02-05 16:33:58.664650, 837.2949829101562, 827.4251098632812, 847.1648559570312, 837.2949829101562
2023-02-05 16:33:58.664799, 838.9400024414062, 820.84521484375, 845.5198974609375, 840.5849609375
2023-02-05 16:33:58.664946, 835.6500244140625, 825.7801513671875, 848.8098754882812, 842.2299194335938
2023-02-05 16:33:58.665085, 832.3600463867188, 827.4251098632812, 847.1648559570312, 838.9400024414062
2023-02-05 16:33:58.665201, 830.715087890625, 829.070068359375, 842.2299194335938, 840.5849609375
2023-02-05 16:33:58.665333, 830.715087890625, 830.715087890625, 843.8749389648438, 842.2299194335938
2023-02-05 16:33:58.665477, 834.0050048828125, 827.4251098632812, 850.454833984375, 845.5198974609375
2023-02-05 16:33:58.665640, 840.5849609375, 827.4251098632812, 848.8098754882812, 842.2299194335938
2023-02-05 16:33:58.665780, 835.6500244140625, 827.4251098632812, 852.0997924804688, 834.0050048828125
2023-02-05 16:33:58.665925, 834.0050048828125, 827.4251098632812, 850.454833984375, 834.0050048828125
2023-02-05 16:33:58.666041, 829.070068359375, 827.4251098632812, 848.8098754882812, 835.6500244140625
2023-02-05 16:33:58.666190, 822.4901733398438, 827.4251098632812, 848.8098754882812, 837.2949829101562
2023-02-05 16:33:58.666331, 829.070068359375, 829.070068359375, 847.1648559570312, 840.5849609375
2023-02-05 16:33:58.710055, 830.715087890625, 824.1351318359375, 843.8749389648438, 840.5849609375
2023-02-05 16:33:58.710546, 832.3600463867188, 820.84521484375, 845.5198974609375, 835.6500244140625
2023-02-05 16:33:58.710720, 835.6500244140625, 825.7801513671875, 852.0997924804688, 834.0050048828125
2023-02-05 16:33:58.710879, 835.6500244140625, 827.4251098632812, 848.8098754882812, 838.9400024414062
2023-02-05 16:33:58.711032, 838.9400024414062, 825.7801513671875, 850.454833984375, 842.2299194335938
2023-02-05 16:33:58.711181, 835.6500244140625, 827.4251098632812, 847.1648559570312, 842.2299194335938
2023-02-05 16:33:58.711330, 835.6500244140625, 830.715087890625, 848.8098754882812, 838.9400024414062
2023-02-05 16:33:58.711489, 834.0050048828125, 824.1351318359375, 847.1648559570312, 838.9400024414062
2023-02-05 16:33:58.711638, 830.715087890625, 827.4251098632812, 848.8098754882812, 837.2949829101562
2023-02-05 16:33:58.711782, 832.3600463867188, 827.4251098632812, 848.8098754882812, 840.5849609375
2023-02-05 16:33:58.711926, 834.0050048828125, 824.1351318359375, 843.8749389648438, 843.8749389648438
2023-02-05 16:33:58.712071, 834.0050048828125, 825.7801513671875, 843.8749389648438, 843.8749389648438
2023-02-05 16:33:58.712214, 830.715087890625, 829.070068359375, 852.0997924804688, 845.5198974609375
2023-02-05 16:33:58.712359, 835.6500244140625, 825.7801513671875, 853.7448120117188, 842.2299194335938
2023-02-05 16:33:58.712502, 834.0050048828125, 824.1351318359375, 853.7448120117188, 838.9400024414062
2023-02-05 16:33:58.712647, 840.5849609375, 825.7801513671875, 853.7448120117188, 835.6500244140625
2023-02-05 16:33:58.762722, 842.2299194335938, 820.84521484375, 852.0997924804688, 835.6500244140625
2023-02-05 16:33:58.762903, 835.6500244140625, 820.84521484375, 845.5198974609375, 838.9400024414062
2023-02-05 16:33:58.763004, 832.3600463867188, 824.1351318359375, 843.8749389648438, 842.2299194335938
2023-02-05 16:33:58.763093, 832.3600463867188, 822.4901733398438, 852.0997924804688, 840.5849609375
2023-02-05 16:33:58.763177, 830.715087890625, 824.1351318359375, 852.0997924804688, 842.2299194335938
2023-02-05 16:33:58.763259, 835.6500244140625, 825.7801513671875, 852.0997924804688, 835.6500244140625
2023-02-05 16:33:58.763340, 834.0050048828125, 822.4901733398438, 850.454833984375, 832.3600463867188
2023-02-05 16:33:58.763421, 834.0050048828125, 824.1351318359375, 843.8749389648438, 832.3600463867188
2023-02-05 16:33:58.763501, 834.0050048828125, 827.4251098632812, 843.8749389648438, 832.3600463867188
2023-02-05 16:33:58.763582, 834.0050048828125, 829.070068359375, 848.8098754882812, 832.3600463867188
2023-02-05 16:33:58.763662, 832.3600463867188, 825.7801513671875, 843.8749389648438, 835.6500244140625
2023-02-05 16:33:58.763743, 837.2949829101562, 827.4251098632812, 837.2949829101562, 842.2299194335938
2023-02-05 16:33:58.763823, 840.5849609375, 825.7801513671875, 840.5849609375, 843.8749389648438
2023-02-05 16:33:58.763903, 835.6500244140625, 822.4901733398438, 850.454833984375, 840.5849609375
2023-02-05 16:33:58.763984, 837.2949829101562, 824.1351318359375, 850.454833984375, 837.2949829101562
2023-02-05 16:33:58.764064, 835.6500244140625, 819.2001953125, 850.454833984375, 834.0050048828125
2023-02-05 16:33:58.764143, 835.6500244140625, 824.1351318359375, 850.454833984375, 835.6500244140625
2023-02-05 16:33:58.873261, 840.5849609375, 829.070068359375, 847.1648559570312, 838.9400024414062
2023-02-05 16:33:58.873499, 842.2299194335938, 827.4251098632812, 847.1648559570312, 835.6500244140625
2023-02-05 16:33:58.873640, 843.8749389648438, 830.715087890625, 847.1648559570312, 843.8749389648438
2023-02-05 16:33:58.873767, 837.2949829101562, 824.1351318359375, 847.1648559570312, 848.8098754882812
2023-02-05 16:33:58.873894, 842.2299194335938, 825.7801513671875, 848.8098754882812, 848.8098754882812
2023-02-05 16:33:58.874055, 843.8749389648438, 825.7801513671875, 847.1648559570312, 850.454833984375
2023-02-05 16:33:58.874187, 847.1648559570312, 822.4901733398438, 850.454833984375, 842.2299194335938
2023-02-05 16:33:58.874309, 848.8098754882812, 825.7801513671875, 847.1648559570312, 850.454833984375
2023-02-05 16:33:58.874434, 842.2299194335938, 825.7801513671875, 847.1648559570312, 852.0997924804688
2023-02-05 16:33:58.874606, 840.5849609375, 827.4251098632812, 852.0997924804688, 842.2299194335938
2023-02-05 16:33:58.874738, 840.5849609375, 830.715087890625, 853.7448120117188, 835.6500244140625
2023-02-05 16:33:58.875097, 840.5849609375, 829.070068359375, 850.454833984375, 837.2949829101562
2023-02-05 16:33:58.875229, 835.6500244140625, 825.7801513671875, 848.8098754882812, 842.2299194335938
2023-02-05 16:33:58.875352, 837.2949829101562, 827.4251098632812, 847.1648559570312, 838.9400024414062
2023-02-05 16:33:58.875473, 834.0050048828125, 824.1351318359375, 845.5198974609375, 838.9400024414062
2023-02-05 16:33:58.875593, 832.3600463867188, 825.7801513671875, 845.5198974609375, 837.2949829101562
2023-02-05 16:33:58.987519, 827.4251098632812, 822.4901733398438, 847.1648559570312, 830.715087890625
2023-02-05 16:33:58.987721, 829.070068359375, 819.2001953125, 847.1648559570312, 835.6500244140625
2023-02-05 16:33:58.987880, 830.715087890625, 824.1351318359375, 848.8098754882812, 838.9400024414062
2023-02-05 16:33:58.988033, 827.4251098632812, 829.070068359375, 848.8098754882812, 834.0050048828125
2023-02-05 16:33:58.988183, 829.070068359375, 830.715087890625, 847.1648559570312, 835.6500244140625
2023-02-05 16:33:58.988330, 827.4251098632812, 827.4251098632812, 850.454833984375, 835.6500244140625
2023-02-05 16:33:58.988476, 827.4251098632812, 825.7801513671875, 852.0997924804688, 834.0050048828125
2023-02-05 16:33:58.988621, 830.715087890625, 827.4251098632812, 848.8098754882812, 832.3600463867188
2023-02-05 16:33:58.988766, 832.3600463867188, 829.070068359375, 847.1648559570312, 840.5849609375
2023-02-05 16:33:58.988910, 829.070068359375, 820.84521484375, 843.8749389648438, 842.2299194335938
2023-02-05 16:33:58.989056, 825.7801513671875, 817.5552368164062, 852.0997924804688, 840.5849609375
2023-02-05 16:33:58.989202, 832.3600463867188, 822.4901733398438, 852.0997924804688, 842.2299194335938
2023-02-05 16:33:58.989346, 834.0050048828125, 827.4251098632812, 852.0997924804688, 843.8749389648438
2023-02-05 16:33:58.989490, 838.9400024414062, 825.7801513671875, 852.0997924804688, 843.8749389648438
2023-02-05 16:33:58.989633, 838.9400024414062, 827.4251098632812, 855.3897705078125, 848.8098754882812
2023-02-05 16:33:58.989780, 835.6500244140625, 825.7801513671875, 855.3897705078125, 842.2299194335938
2023-02-05 16:33:58.990139, 835.6500244140625, 827.4251098632812, 853.7448120117188, 842.2299194335938
2023-02-05 16:33:58.990256, 837.2949829101562, 824.1351318359375, 848.8098754882812, 830.715087890625
2023-02-05 16:33:58.990369, 834.0050048828125, 824.1351318359375, 852.0997924804688, 830.715087890625
2023-02-05 16:33:58.990483, 830.715087890625, 825.7801513671875, 857.0347290039062, 830.715087890625
2023-02-05 16:33:58.990597, 829.070068359375, 827.4251098632812, 852.0997924804688, 829.070068359375
2023-02-05 16:33:58.990711, 832.3600463867188, 830.715087890625, 850.454833984375, 838.9400024414062
2023-02-05 16:33:58.990825, 830.715087890625, 829.070068359375, 850.454833984375, 842.2299194335938
2023-02-05 16:33:58.990939, 829.070068359375, 829.070068359375, 850.454833984375, 835.6500244140625
2023-02-05 16:33:58.991053, 825.7801513671875, 827.4251098632812, 857.0347290039062, 834.0050048828125
2023-02-05 16:33:58.991166, 820.84521484375, 829.070068359375, 850.454833984375, 829.070068359375
2023-02-05 16:33:58.991280, 825.7801513671875, 820.84521484375, 853.7448120117188, 830.715087890625
2023-02-05 16:33:58.991393, 822.4901733398438, 817.5552368164062, 853.7448120117188, 838.9400024414062
2023-02-05 16:33:58.991506, 820.84521484375, 825.7801513671875, 848.8098754882812, 835.6500244140625
2023-02-05 16:33:58.991619, 822.4901733398438, 829.070068359375, 852.0997924804688, 830.715087890625
2023-02-05 16:33:58.991732, 822.4901733398438, 830.715087890625, 853.7448120117188, 832.3600463867188
2023-02-05 16:33:58.991846, 819.2001953125, 829.070068359375, 852.0997924804688, 822.4901733398438
2023-02-05 16:33:59.080720, 824.1351318359375, 830.715087890625, 858.6797485351562, 824.1351318359375
2023-02-05 16:33:59.080952, 812.6203002929688, 829.070068359375, 853.7448120117188, 815.9102783203125
2023-02-05 16:33:59.081118, 804.3953857421875, 830.715087890625, 852.0997924804688, 804.3953857421875
2023-02-05 16:33:59.081274, 804.3953857421875, 834.0050048828125, 853.7448120117188, 806.0403442382812
2023-02-05 16:33:59.081424, 791.2355346679688, 829.070068359375, 853.7448120117188, 796.1704711914062
2023-02-05 16:33:59.081573, 787.945556640625, 835.6500244140625, 857.0347290039062, 794.5255126953125
2023-02-05 16:33:59.081722, 776.4307250976562, 837.2949829101562, 855.3897705078125, 778.07568359375
2023-02-05 16:33:59.081870, 745.1760864257812, 825.7801513671875, 858.6797485351562, 758.3359375
2023-02-05 16:33:59.082017, 736.951171875, 825.7801513671875, 858.6797485351562, 753.4010009765625
2023-02-05 16:33:59.082163, 723.7913208007812, 825.7801513671875, 861.9697265625, 738.59619140625
2023-02-05 16:33:59.082280, 705.6965942382812, 829.070068359375, 870.194580078125, 727.081298828125
2023-02-05 16:33:59.082550, 705.6965942382812, 827.4251098632812, 865.2596435546875, 722.1463623046875
2023-02-05 16:33:59.082758, 695.82666015625, 829.070068359375, 873.4845581054688, 713.9214477539062
2023-02-05 16:33:59.082992, 692.5367431640625, 832.3600463867188, 870.194580078125, 708.9865112304688
2023-02-05 16:33:59.083128, 699.1166381835938, 837.2949829101562, 868.5496215820312, 708.9865112304688
2023-02-05 16:33:59.083255, 697.4716796875, 834.0050048828125, 865.2596435546875, 710.6315307617188
2023-02-05 16:33:59.214970, 690.8917236328125, 827.4251098632812, 860.32470703125, 705.6965942382812
2023-02-05 16:33:59.215176, 689.2467651367188, 825.7801513671875, 871.839599609375, 705.6965942382812
2023-02-05 16:33:59.215337, 695.82666015625, 822.4901733398438, 868.5496215820312, 708.9865112304688
2023-02-05 16:33:59.215490, 695.82666015625, 824.1351318359375, 870.194580078125, 713.9214477539062
2023-02-05 16:33:59.215641, 702.4066162109375, 822.4901733398438, 865.2596435546875, 713.9214477539062
2023-02-05 16:33:59.215788, 708.9865112304688, 822.4901733398438, 868.5496215820312, 725.4363403320312
2023-02-05 16:33:59.215935, 717.21142578125, 822.4901733398438, 868.5496215820312, 736.951171875
2023-02-05 16:33:59.216087, 732.0162353515625, 830.715087890625, 865.2596435546875, 750.1110229492188
2023-02-05 16:33:59.216213, 738.59619140625, 827.4251098632812, 865.2596435546875, 763.2708740234375
2023-02-05 16:33:59.216465, 761.6259155273438, 829.070068359375, 855.3897705078125, 773.1407470703125
2023-02-05 16:33:59.216597, 768.205810546875, 832.3600463867188, 860.32470703125, 773.1407470703125
2023-02-05 16:33:59.216717, 776.4307250976562, 827.4251098632812, 861.9697265625, 781.3656616210938
2023-02-05 16:33:59.216834, 783.0106201171875, 822.4901733398438, 852.0997924804688, 794.5255126953125
2023-02-05 16:33:59.217088, 787.945556640625, 830.715087890625, 850.454833984375, 797.8154907226562
2023-02-05 16:33:59.217264, 804.3953857421875, 825.7801513671875, 848.8098754882812, 809.330322265625
2023-02-05 16:33:59.217435, 809.330322265625, 825.7801513671875, 845.5198974609375, 815.9102783203125
2023-02-05 16:33:59.218114, 814.2652587890625, 829.070068359375, 848.8098754882812, 815.9102783203125
2023-02-05 16:33:59.218293, 820.84521484375, 827.4251098632812, 852.0997924804688, 825.7801513671875
2023-02-05 16:33:59.218465, 822.4901733398438, 829.070068359375, 847.1648559570312, 824.1351318359375
2023-02-05 16:33:59.218628, 830.715087890625, 832.3600463867188, 842.2299194335938, 832.3600463867188
2023-02-05 16:33:59.218821, 840.5849609375, 829.070068359375, 842.2299194335938, 845.5198974609375
2023-02-05 16:33:59.218976, 845.5198974609375, 827.4251098632812, 847.1648559570312, 847.1648559570312
2023-02-05 16:33:59.219139, 845.5198974609375, 827.4251098632812, 843.8749389648438, 857.0347290039062
2023-02-05 16:33:59.219263, 853.7448120117188, 822.4901733398438, 847.1648559570312, 863.6146850585938
2023-02-05 16:33:59.219382, 850.454833984375, 822.4901733398438, 845.5198974609375, 852.0997924804688
2023-02-05 16:33:59.219499, 857.0347290039062, 822.4901733398438, 840.5849609375, 852.0997924804688
2023-02-05 16:33:59.219627, 865.2596435546875, 819.2001953125, 850.454833984375, 855.3897705078125
2023-02-05 16:33:59.219751, 865.2596435546875, 820.84521484375, 847.1648559570312, 863.6146850585938
2023-02-05 16:33:59.219868, 868.5496215820312, 827.4251098632812, 848.8098754882812, 875.1295166015625
2023-02-05 16:33:59.219992, 875.1295166015625, 829.070068359375, 845.5198974609375, 876.7745361328125
2023-02-05 16:33:59.220111, 876.7745361328125, 829.070068359375, 838.9400024414062, 878.4194946289062
2023-02-05 16:33:59.220240, 880.064453125, 822.4901733398438, 838.9400024414062, 876.7745361328125
2023-02-05 16:33:59.372768, 875.1295166015625, 815.9102783203125, 847.1648559570312, 881.70947265625
2023-02-05 16:33:59.372913, 878.4194946289062, 820.84521484375, 852.0997924804688, 888.2893676757812
2023-02-05 16:33:59.373071, 878.4194946289062, 819.2001953125, 848.8098754882812, 876.7745361328125
2023-02-05 16:33:59.373200, 875.1295166015625, 820.84521484375, 847.1648559570312, 880.064453125
2023-02-05 16:33:59.373344, 875.1295166015625, 819.2001953125, 845.5198974609375, 881.70947265625
2023-02-05 16:33:59.373535, 873.4845581054688, 822.4901733398438, 845.5198974609375, 881.70947265625
2023-02-05 16:33:59.373645, 875.1295166015625, 819.2001953125, 847.1648559570312, 886.6444091796875
2023-02-05 16:33:59.373842, 871.839599609375, 815.9102783203125, 842.2299194335938, 880.064453125
2023-02-05 16:33:59.373974, 873.4845581054688, 815.9102783203125, 843.8749389648438, 878.4194946289062
2023-02-05 16:33:59.374162, 868.5496215820312, 810.9752807617188, 842.2299194335938, 876.7745361328125
2023-02-05 16:33:59.374296, 870.194580078125, 819.2001953125, 842.2299194335938, 876.7745361328125
2023-02-05 16:33:59.374463, 875.1295166015625, 819.2001953125, 843.8749389648438, 880.064453125
2023-02-05 16:33:59.374589, 876.7745361328125, 817.5552368164062, 843.8749389648438, 878.4194946289062
2023-02-05 16:33:59.374785, 875.1295166015625, 817.5552368164062, 847.1648559570312, 878.4194946289062
2023-02-05 16:33:59.374896, 873.4845581054688, 819.2001953125, 850.454833984375, 880.064453125
2023-02-05 16:33:59.375174, 873.4845581054688, 817.5552368164062, 847.1648559570312, 876.7745361328125
2023-02-05 16:33:59.375619, 873.4845581054688, 817.5552368164062, 845.5198974609375, 875.1295166015625
2023-02-05 16:33:59.375825, 873.4845581054688, 817.5552368164062, 845.5198974609375, 875.1295166015625
2023-02-05 16:33:59.375953, 870.194580078125, 815.9102783203125, 843.8749389648438, 873.4845581054688
2023-02-05 16:33:59.376099, 871.839599609375, 819.2001953125, 847.1648559570312, 873.4845581054688
2023-02-05 16:33:59.376237, 868.5496215820312, 815.9102783203125, 848.8098754882812, 875.1295166015625
2023-02-05 16:33:59.376417, 868.5496215820312, 815.9102783203125, 847.1648559570312, 883.3544311523438
2023-02-05 16:33:59.376576, 875.1295166015625, 815.9102783203125, 845.5198974609375, 886.6444091796875
2023-02-05 16:33:59.376716, 868.5496215820312, 815.9102783203125, 850.454833984375, 880.064453125
2023-02-05 16:33:59.376812, 873.4845581054688, 820.84521484375, 850.454833984375, 876.7745361328125
2023-02-05 16:33:59.377031, 873.4845581054688, 815.9102783203125, 843.8749389648438, 884.9994506835938
2023-02-05 16:33:59.377209, 866.9046630859375, 817.5552368164062, 843.8749389648438, 875.1295166015625
2023-02-05 16:33:59.377396, 870.194580078125, 819.2001953125, 847.1648559570312, 873.4845581054688
2023-02-05 16:33:59.377535, 866.9046630859375, 814.2652587890625, 850.454833984375, 870.194580078125
2023-02-05 16:33:59.377665, 865.2596435546875, 819.2001953125, 848.8098754882812, 868.5496215820312
2023-02-05 16:33:59.377798, 863.6146850585938, 824.1351318359375, 850.454833984375, 875.1295166015625
2023-02-05 16:33:59.377928, 868.5496215820312, 820.84521484375, 847.1648559570312, 875.1295166015625
2023-02-05 16:33:59.378056, 865.2596435546875, 817.5552368164062, 845.5198974609375, 870.194580078125
2023-02-05 16:33:59.497275, 865.2596435546875, 814.2652587890625, 848.8098754882812, 865.2596435546875
2023-02-05 16:33:59.497471, 863.6146850585938, 814.2652587890625, 840.5849609375, 866.9046630859375
2023-02-05 16:33:59.497631, 857.0347290039062, 819.2001953125, 840.5849609375, 865.2596435546875
2023-02-05 16:33:59.497784, 853.7448120117188, 814.2652587890625, 843.8749389648438, 861.9697265625
2023-02-05 16:33:59.497937, 853.7448120117188, 810.9752807617188, 842.2299194335938, 861.9697265625
2023-02-05 16:33:59.498083, 853.7448120117188, 817.5552368164062, 842.2299194335938, 861.9697265625
2023-02-05 16:33:59.498228, 852.0997924804688, 819.2001953125, 847.1648559570312, 858.6797485351562
2023-02-05 16:33:59.498374, 853.7448120117188, 820.84521484375, 847.1648559570312, 852.0997924804688
2023-02-05 16:33:59.498517, 855.3897705078125, 820.84521484375, 848.8098754882812, 857.0347290039062
2023-02-05 16:33:59.498663, 857.0347290039062, 820.84521484375, 845.5198974609375, 857.0347290039062
2023-02-05 16:33:59.498807, 853.7448120117188, 820.84521484375, 843.8749389648438, 858.6797485351562
2023-02-05 16:33:59.498950, 848.8098754882812, 815.9102783203125, 837.2949829101562, 860.32470703125
2023-02-05 16:33:59.499095, 847.1648559570312, 812.6203002929688, 842.2299194335938, 848.8098754882812
2023-02-05 16:33:59.499239, 848.8098754882812, 820.84521484375, 838.9400024414062, 845.5198974609375
2023-02-05 16:33:59.499383, 853.7448120117188, 827.4251098632812, 845.5198974609375, 855.3897705078125
2023-02-05 16:33:59.499527, 857.0347290039062, 829.070068359375, 848.8098754882812, 852.0997924804688
2023-02-05 16:33:59.542486, 853.7448120117188, 825.7801513671875, 843.8749389648438, 845.5198974609375
2023-02-05 16:33:59.542750, 853.7448120117188, 820.84521484375, 848.8098754882812, 850.454833984375
2023-02-05 16:33:59.542898, 848.8098754882812, 824.1351318359375, 838.9400024414062, 848.8098754882812
2023-02-05 16:33:59.543035, 847.1648559570312, 825.7801513671875, 840.5849609375, 852.0997924804688
2023-02-05 16:33:59.543172, 850.454833984375, 824.1351318359375, 847.1648559570312, 855.3897705078125
2023-02-05 16:33:59.543305, 853.7448120117188, 824.1351318359375, 847.1648559570312, 855.3897705078125
2023-02-05 16:33:59.543427, 855.3897705078125, 817.5552368164062, 848.8098754882812, 855.3897705078125
2023-02-05 16:33:59.543546, 848.8098754882812, 822.4901733398438, 848.8098754882812, 853.7448120117188
2023-02-05 16:33:59.543702, 847.1648559570312, 819.2001953125, 842.2299194335938, 853.7448120117188
2023-02-05 16:33:59.543832, 845.5198974609375, 822.4901733398438, 845.5198974609375, 852.0997924804688
2023-02-05 16:33:59.543952, 845.5198974609375, 822.4901733398438, 845.5198974609375, 845.5198974609375
2023-02-05 16:33:59.544101, 843.8749389648438, 820.84521484375, 842.2299194335938, 850.454833984375
2023-02-05 16:33:59.544268, 842.2299194335938, 825.7801513671875, 842.2299194335938, 850.454833984375
2023-02-05 16:33:59.544391, 847.1648559570312, 822.4901733398438, 847.1648559570312, 848.8098754882812
2023-02-05 16:33:59.544510, 847.1648559570312, 824.1351318359375, 850.454833984375, 848.8098754882812
2023-02-05 16:33:59.544629, 847.1648559570312, 817.5552368164062, 848.8098754882812, 847.1648559570312
2023-02-05 16:33:59.545147, 850.454833984375, 817.5552368164062, 850.454833984375, 850.454833984375
2023-02-05 16:33:59.545270, 847.1648559570312, 824.1351318359375, 850.454833984375, 850.454833984375
2023-02-05 16:33:59.545389, 847.1648559570312, 824.1351318359375, 852.0997924804688, 855.3897705078125
2023-02-05 16:33:59.545507, 845.5198974609375, 824.1351318359375, 848.8098754882812, 853.7448120117188
2023-02-05 16:33:59.545684, 843.8749389648438, 827.4251098632812, 852.0997924804688, 850.454833984375
2023-02-05 16:33:59.545811, 842.2299194335938, 825.7801513671875, 848.8098754882812, 850.454833984375
2023-02-05 16:33:59.545930, 847.1648559570312, 825.7801513671875, 847.1648559570312, 848.8098754882812
2023-02-05 16:33:59.546048, 843.8749389648438, 824.1351318359375, 848.8098754882812, 845.5198974609375
2023-02-05 16:33:59.546256, 840.5849609375, 820.84521484375, 845.5198974609375, 847.1648559570312
2023-02-05 16:33:59.546378, 842.2299194335938, 820.84521484375, 850.454833984375, 843.8749389648438
2023-02-05 16:33:59.546497, 840.5849609375, 820.84521484375, 847.1648559570312, 843.8749389648438
2023-02-05 16:33:59.546652, 838.9400024414062, 824.1351318359375, 850.454833984375, 842.2299194335938
2023-02-05 16:33:59.546822, 837.2949829101562, 820.84521484375, 848.8098754882812, 842.2299194335938
2023-02-05 16:33:59.546939, 837.2949829101562, 820.84521484375, 843.8749389648438, 847.1648559570312
2023-02-05 16:33:59.547065, 842.2299194335938, 825.7801513671875, 852.0997924804688, 852.0997924804688
2023-02-05 16:33:59.547248, 842.2299194335938, 825.7801513671875, 850.454833984375, 853.7448120117188
2023-02-05 16:33:59.659023, 843.8749389648438, 827.4251098632812, 853.7448120117188, 855.3897705078125
2023-02-05 16:33:59.659307, 843.8749389648438, 822.4901733398438, 852.0997924804688, 857.0347290039062
2023-02-05 16:33:59.659444, 842.2299194335938, 822.4901733398438, 847.1648559570312, 850.454833984375
2023-02-05 16:33:59.659576, 843.8749389648438, 825.7801513671875, 852.0997924804688, 847.1648559570312
2023-02-05 16:33:59.659700, 842.2299194335938, 825.7801513671875, 850.454833984375, 847.1648559570312
2023-02-05 16:33:59.659818, 842.2299194335938, 825.7801513671875, 852.0997924804688, 847.1648559570312
2023-02-05 16:33:59.659934, 838.9400024414062, 825.7801513671875, 850.454833984375, 843.8749389648438
2023-02-05 16:33:59.660053, 840.5849609375, 822.4901733398438, 852.0997924804688, 847.1648559570312
2023-02-05 16:33:59.660170, 840.5849609375, 825.7801513671875, 852.0997924804688, 852.0997924804688
2023-02-05 16:33:59.660285, 835.6500244140625, 824.1351318359375, 857.0347290039062, 852.0997924804688
2023-02-05 16:33:59.660421, 835.6500244140625, 827.4251098632812, 853.7448120117188, 852.0997924804688
2023-02-05 16:33:59.660557, 834.0050048828125, 825.7801513671875, 855.3897705078125, 852.0997924804688
2023-02-05 16:33:59.660730, 837.2949829101562, 829.070068359375, 855.3897705078125, 848.8098754882812
2023-02-05 16:33:59.660991, 838.9400024414062, 827.4251098632812, 848.8098754882812, 845.5198974609375
2023-02-05 16:33:59.661146, 838.9400024414062, 824.1351318359375, 857.0347290039062, 847.1648559570312
2023-02-05 16:33:59.661343, 832.3600463867188, 829.070068359375, 850.454833984375, 845.5198974609375
2023-02-05 16:33:59.777510, 835.6500244140625, 830.715087890625, 853.7448120117188, 842.2299194335938
2023-02-05 16:33:59.777720, 834.0050048828125, 829.070068359375, 852.0997924804688, 843.8749389648438
2023-02-05 16:33:59.777884, 830.715087890625, 827.4251098632812, 847.1648559570312, 837.2949829101562
2023-02-05 16:33:59.778039, 834.0050048828125, 827.4251098632812, 852.0997924804688, 837.2949829101562
2023-02-05 16:33:59.778190, 830.715087890625, 830.715087890625, 848.8098754882812, 840.5849609375
2023-02-05 16:33:59.778339, 835.6500244140625, 829.070068359375, 848.8098754882812, 840.5849609375
2023-02-05 16:33:59.778488, 837.2949829101562, 829.070068359375, 848.8098754882812, 843.8749389648438
2023-02-05 16:33:59.778637, 837.2949829101562, 827.4251098632812, 847.1648559570312, 840.5849609375
2023-02-05 16:33:59.778782, 837.2949829101562, 825.7801513671875, 853.7448120117188, 843.8749389648438
2023-02-05 16:33:59.778927, 837.2949829101562, 825.7801513671875, 848.8098754882812, 848.8098754882812
2023-02-05 16:33:59.779086, 832.3600463867188, 822.4901733398438, 847.1648559570312, 840.5849609375
2023-02-05 16:33:59.779202, 834.0050048828125, 822.4901733398438, 845.5198974609375, 837.2949829101562
2023-02-05 16:33:59.779317, 835.6500244140625, 822.4901733398438, 843.8749389648438, 838.9400024414062
2023-02-05 16:33:59.779432, 834.0050048828125, 829.070068359375, 853.7448120117188, 843.8749389648438
2023-02-05 16:33:59.779548, 837.2949829101562, 829.070068359375, 855.3897705078125, 845.5198974609375
2023-02-05 16:33:59.779663, 837.2949829101562, 824.1351318359375, 855.3897705078125, 848.8098754882812
2023-02-05 16:33:59.820588, 835.6500244140625, 827.4251098632812, 852.0997924804688, 852.0997924804688
2023-02-05 16:33:59.820837, 835.6500244140625, 825.7801513671875, 850.454833984375, 847.1648559570312
2023-02-05 16:33:59.821276, 830.715087890625, 825.7801513671875, 847.1648559570312, 840.5849609375
2023-02-05 16:33:59.821468, 830.715087890625, 829.070068359375, 845.5198974609375, 840.5849609375
2023-02-05 16:33:59.821593, 832.3600463867188, 825.7801513671875, 847.1648559570312, 840.5849609375
2023-02-05 16:33:59.821713, 835.6500244140625, 829.070068359375, 845.5198974609375, 840.5849609375
2023-02-05 16:33:59.821832, 840.5849609375, 830.715087890625, 852.0997924804688, 842.2299194335938
2023-02-05 16:33:59.821949, 842.2299194335938, 825.7801513671875, 847.1648559570312, 842.2299194335938
2023-02-05 16:33:59.822065, 840.5849609375, 824.1351318359375, 853.7448120117188, 837.2949829101562
2023-02-05 16:33:59.822180, 834.0050048828125, 825.7801513671875, 853.7448120117188, 840.5849609375
2023-02-05 16:33:59.822295, 834.0050048828125, 825.7801513671875, 852.0997924804688, 845.5198974609375
2023-02-05 16:33:59.822410, 835.6500244140625, 829.070068359375, 855.3897705078125, 840.5849609375
2023-02-05 16:33:59.822524, 842.2299194335938, 825.7801513671875, 850.454833984375, 840.5849609375
2023-02-05 16:33:59.822638, 840.5849609375, 820.84521484375, 850.454833984375, 838.9400024414062
2023-02-05 16:33:59.822754, 840.5849609375, 827.4251098632812, 850.454833984375, 840.5849609375
2023-02-05 16:33:59.822868, 838.9400024414062, 825.7801513671875, 852.0997924804688, 843.8749389648438
2023-02-05 16:33:59.870268, 837.2949829101562, 815.9102783203125, 852.0997924804688, 843.8749389648438
2023-02-05 16:33:59.870532, 838.9400024414062, 819.2001953125, 848.8098754882812, 840.5849609375
2023-02-05 16:33:59.870704, 838.9400024414062, 824.1351318359375, 847.1648559570312, 842.2299194335938
2023-02-05 16:33:59.870864, 842.2299194335938, 825.7801513671875, 845.5198974609375, 847.1648559570312
2023-02-05 16:33:59.871022, 843.8749389648438, 830.715087890625, 852.0997924804688, 848.8098754882812
2023-02-05 16:33:59.871173, 840.5849609375, 822.4901733398438, 850.454833984375, 847.1648559570312
2023-02-05 16:33:59.871320, 837.2949829101562, 822.4901733398438, 852.0997924804688, 845.5198974609375
2023-02-05 16:33:59.871467, 832.3600463867188, 825.7801513671875, 848.8098754882812, 843.8749389648438
2023-02-05 16:33:59.871612, 837.2949829101562, 824.1351318359375, 848.8098754882812, 845.5198974609375
2023-02-05 16:33:59.871757, 829.070068359375, 827.4251098632812, 852.0997924804688, 840.5849609375
2023-02-05 16:33:59.871903, 830.715087890625, 824.1351318359375, 853.7448120117188, 837.2949829101562
2023-02-05 16:33:59.872049, 829.070068359375, 825.7801513671875, 853.7448120117188, 837.2949829101562
2023-02-05 16:33:59.872183, 825.7801513671875, 822.4901733398438, 848.8098754882812, 835.6500244140625
2023-02-05 16:33:59.872298, 832.3600463867188, 822.4901733398438, 850.454833984375, 838.9400024414062
2023-02-05 16:33:59.872413, 829.070068359375, 822.4901733398438, 843.8749389648438, 832.3600463867188
2023-02-05 16:33:59.872528, 829.070068359375, 824.1351318359375, 840.5849609375, 835.6500244140625
2023-02-05 16:33:59.982304, 829.070068359375, 824.1351318359375, 853.7448120117188, 834.0050048828125
2023-02-05 16:33:59.982575, 825.7801513671875, 820.84521484375, 852.0997924804688, 829.070068359375
2023-02-05 16:33:59.982751, 827.4251098632812, 819.2001953125, 853.7448120117188, 829.070068359375
2023-02-05 16:33:59.982914, 824.1351318359375, 819.2001953125, 852.0997924804688, 832.3600463867188
2023-02-05 16:33:59.983068, 825.7801513671875, 819.2001953125, 848.8098754882812, 827.4251098632812
2023-02-05 16:33:59.983220, 830.715087890625, 819.2001953125, 848.8098754882812, 834.0050048828125
2023-02-05 16:33:59.983369, 829.070068359375, 824.1351318359375, 853.7448120117188, 829.070068359375
2023-02-05 16:33:59.983525, 834.0050048828125, 825.7801513671875, 855.3897705078125, 830.715087890625
2023-02-05 16:33:59.983640, 832.3600463867188, 822.4901733398438, 852.0997924804688, 830.715087890625
2023-02-05 16:33:59.983757, 834.0050048828125, 820.84521484375, 850.454833984375, 835.6500244140625
2023-02-05 16:33:59.983872, 832.3600463867188, 820.84521484375, 848.8098754882812, 832.3600463867188
2023-02-05 16:33:59.983986, 830.715087890625, 822.4901733398438, 847.1648559570312, 832.3600463867188
2023-02-05 16:33:59.984101, 834.0050048828125, 829.070068359375, 850.454833984375, 838.9400024414062
2023-02-05 16:33:59.984217, 830.715087890625, 830.715087890625, 850.454833984375, 835.6500244140625
2023-02-05 16:33:59.984331, 835.6500244140625, 834.0050048828125, 852.0997924804688, 838.9400024414062
2023-02-05 16:33:59.984446, 835.6500244140625, 825.7801513671875, 850.454833984375, 842.2299194335938
2023-02-05 16:33:59.984561, 830.715087890625, 820.84521484375, 853.7448120117188, 843.8749389648438
2023-02-05 16:34:00.095219, 832.3600463867188, 822.4901733398438, 853.7448120117188, 847.1648559570312
2023-02-05 16:34:00.095462, 830.715087890625, 822.4901733398438, 850.454833984375, 845.5198974609375
2023-02-05 16:34:00.095624, 834.0050048828125, 827.4251098632812, 845.5198974609375, 842.2299194335938
2023-02-05 16:34:00.095756, 834.0050048828125, 822.4901733398438, 847.1648559570312, 835.6500244140625
2023-02-05 16:34:00.095882, 834.0050048828125, 822.4901733398438, 847.1648559570312, 832.3600463867188
2023-02-05 16:34:00.096012, 830.715087890625, 822.4901733398438, 847.1648559570312, 829.070068359375
2023-02-05 16:34:00.096145, 832.3600463867188, 825.7801513671875, 850.454833984375, 834.0050048828125
2023-02-05 16:34:00.096322, 835.6500244140625, 825.7801513671875, 847.1648559570312, 837.2949829101562
2023-02-05 16:34:00.096528, 838.9400024414062, 825.7801513671875, 842.2299194335938, 840.5849609375
2023-02-05 16:34:00.096667, 835.6500244140625, 829.070068359375, 848.8098754882812, 845.5198974609375
2023-02-05 16:34:00.096819, 834.0050048828125, 825.7801513671875, 855.3897705078125, 840.5849609375
2023-02-05 16:34:00.096945, 827.4251098632812, 817.5552368164062, 848.8098754882812, 838.9400024414062
2023-02-05 16:34:00.097066, 825.7801513671875, 817.5552368164062, 848.8098754882812, 834.0050048828125
2023-02-05 16:34:00.097230, 830.715087890625, 824.1351318359375, 845.5198974609375, 835.6500244140625
2023-02-05 16:34:00.097328, 827.4251098632812, 825.7801513671875, 842.2299194335938, 830.715087890625
2023-02-05 16:34:00.097610, 829.070068359375, 824.1351318359375, 845.5198974609375, 838.9400024414062
2023-02-05 16:34:00.098498, 832.3600463867188, 822.4901733398438, 843.8749389648438, 840.5849609375
2023-02-05 16:34:00.098668, 827.4251098632812, 822.4901733398438, 840.5849609375, 840.5849609375
2023-02-05 16:34:00.098781, 830.715087890625, 825.7801513671875, 842.2299194335938, 840.5849609375
2023-02-05 16:34:00.098885, 832.3600463867188, 827.4251098632812, 845.5198974609375, 837.2949829101562
2023-02-05 16:34:00.098983, 832.3600463867188, 820.84521484375, 850.454833984375, 835.6500244140625
2023-02-05 16:34:00.099552, 834.0050048828125, 817.5552368164062, 838.9400024414062, 840.5849609375
2023-02-05 16:34:00.099802, 830.715087890625, 824.1351318359375, 850.454833984375, 838.9400024414062
2023-02-05 16:34:00.100001, 825.7801513671875, 822.4901733398438, 855.3897705078125, 837.2949829101562
2023-02-05 16:34:00.100177, 827.4251098632812, 829.070068359375, 852.0997924804688, 838.9400024414062
2023-02-05 16:34:00.100411, 829.070068359375, 827.4251098632812, 858.6797485351562, 838.9400024414062
2023-02-05 16:34:00.100548, 830.715087890625, 827.4251098632812, 853.7448120117188, 840.5849609375
2023-02-05 16:34:00.100672, 827.4251098632812, 830.715087890625, 847.1648559570312, 835.6500244140625
2023-02-05 16:34:00.100780, 829.070068359375, 830.715087890625, 848.8098754882812, 834.0050048828125
2023-02-05 16:34:00.100892, 820.84521484375, 829.070068359375, 848.8098754882812, 830.715087890625
2023-02-05 16:34:00.101014, 824.1351318359375, 829.070068359375, 843.8749389648438, 830.715087890625
2023-02-05 16:34:00.101134, 820.84521484375, 825.7801513671875, 845.5198974609375, 832.3600463867188
2023-02-05 16:34:00.253971, 825.7801513671875, 830.715087890625, 843.8749389648438, 835.6500244140625
2023-02-05 16:34:00.254189, 834.0050048828125, 827.4251098632812, 843.8749389648438, 843.8749389648438
2023-02-05 16:34:00.254352, 832.3600463867188, 829.070068359375, 845.5198974609375, 845.5198974609375
2023-02-05 16:34:00.254503, 832.3600463867188, 822.4901733398438, 853.7448120117188, 840.5849609375
2023-02-05 16:34:00.254622, 822.4901733398438, 815.9102783203125, 855.3897705078125, 829.070068359375
2023-02-05 16:34:00.254762, 827.4251098632812, 820.84521484375, 850.454833984375, 827.4251098632812
2023-02-05 16:34:00.254864, 824.1351318359375, 819.2001953125, 852.0997924804688, 830.715087890625
2023-02-05 16:34:00.254947, 824.1351318359375, 825.7801513671875, 847.1648559570312, 835.6500244140625
2023-02-05 16:34:00.255028, 825.7801513671875, 825.7801513671875, 848.8098754882812, 837.2949829101562
2023-02-05 16:34:00.255109, 827.4251098632812, 824.1351318359375, 853.7448120117188, 834.0050048828125
2023-02-05 16:34:00.255192, 824.1351318359375, 822.4901733398438, 847.1648559570312, 832.3600463867188
2023-02-05 16:34:00.255273, 825.7801513671875, 822.4901733398438, 847.1648559570312, 832.3600463867188
2023-02-05 16:34:00.255354, 825.7801513671875, 824.1351318359375, 852.0997924804688, 837.2949829101562
2023-02-05 16:34:00.255435, 827.4251098632812, 824.1351318359375, 850.454833984375, 840.5849609375
2023-02-05 16:34:00.255516, 830.715087890625, 825.7801513671875, 850.454833984375, 838.9400024414062
2023-02-05 16:34:00.255644, 829.070068359375, 822.4901733398438, 848.8098754882812, 835.6500244140625
2023-02-05 16:34:00.256009, 824.1351318359375, 824.1351318359375, 838.9400024414062, 832.3600463867188
2023-02-05 16:34:00.256109, 822.4901733398438, 825.7801513671875, 843.8749389648438, 827.4251098632812
2023-02-05 16:34:00.256226, 827.4251098632812, 827.4251098632812, 847.1648559570312, 830.715087890625
2023-02-05 16:34:00.256368, 832.3600463867188, 825.7801513671875, 845.5198974609375, 837.2949829101562
2023-02-05 16:34:00.256488, 825.7801513671875, 822.4901733398438, 845.5198974609375, 830.715087890625
2023-02-05 16:34:00.256786, 827.4251098632812, 830.715087890625, 845.5198974609375, 834.0050048828125
2023-02-05 16:34:00.256880, 832.3600463867188, 829.070068359375, 843.8749389648438, 840.5849609375
2023-02-05 16:34:00.256964, 829.070068359375, 829.070068359375, 840.5849609375, 838.9400024414062
2023-02-05 16:34:00.257046, 835.6500244140625, 829.070068359375, 834.0050048828125, 843.8749389648438
2023-02-05 16:34:00.257148, 834.0050048828125, 827.4251098632812, 847.1648559570312, 837.2949829101562
2023-02-05 16:34:00.257288, 829.070068359375, 829.070068359375, 850.454833984375, 829.070068359375
2023-02-05 16:34:00.257403, 827.4251098632812, 827.4251098632812, 850.454833984375, 830.715087890625
2023-02-05 16:34:00.257519, 825.7801513671875, 827.4251098632812, 852.0997924804688, 832.3600463867188
2023-02-05 16:34:00.257634, 827.4251098632812, 825.7801513671875, 845.5198974609375, 830.715087890625
2023-02-05 16:34:00.257749, 832.3600463867188, 825.7801513671875, 850.454833984375, 829.070068359375
2023-02-05 16:34:00.257865, 834.0050048828125, 825.7801513671875, 848.8098754882812, 837.2949829101562
2023-02-05 16:34:00.387446, 834.0050048828125, 824.1351318359375, 848.8098754882812, 837.2949829101562
2023-02-05 16:34:00.387590, 834.0050048828125, 822.4901733398438, 848.8098754882812, 843.8749389648438
2023-02-05 16:34:00.387737, 834.0050048828125, 825.7801513671875, 845.5198974609375, 847.1648559570312
2023-02-05 16:34:00.387940, 832.3600463867188, 827.4251098632812, 850.454833984375, 838.9400024414062
2023-02-05 16:34:00.388098, 830.715087890625, 830.715087890625, 848.8098754882812, 838.9400024414062
2023-02-05 16:34:00.388222, 832.3600463867188, 829.070068359375, 850.454833984375, 837.2949829101562
2023-02-05 16:34:00.388349, 830.715087890625, 822.4901733398438, 852.0997924804688, 830.715087890625
2023-02-05 16:34:00.388539, 835.6500244140625, 820.84521484375, 852.0997924804688, 834.0050048828125
2023-02-05 16:34:00.388659, 834.0050048828125, 819.2001953125, 848.8098754882812, 837.2949829101562
2023-02-05 16:34:00.388801, 827.4251098632812, 822.4901733398438, 848.8098754882812, 834.0050048828125
2023-02-05 16:34:00.388935, 830.715087890625, 827.4251098632812, 848.8098754882812, 838.9400024414062
2023-02-05 16:34:00.389135, 824.1351318359375, 822.4901733398438, 843.8749389648438, 834.0050048828125
2023-02-05 16:34:00.389292, 825.7801513671875, 824.1351318359375, 852.0997924804688, 832.3600463867188
2023-02-05 16:34:00.389435, 820.84521484375, 820.84521484375, 853.7448120117188, 834.0050048828125
2023-02-05 16:34:00.389574, 827.4251098632812, 824.1351318359375, 853.7448120117188, 835.6500244140625
2023-02-05 16:34:00.389769, 829.070068359375, 824.1351318359375, 852.0997924804688, 830.715087890625
2023-02-05 16:34:00.518967, 829.070068359375, 824.1351318359375, 850.454833984375, 832.3600463867188
2023-02-05 16:34:00.519122, 830.715087890625, 822.4901733398438, 852.0997924804688, 834.0050048828125
2023-02-05 16:34:00.519199, 825.7801513671875, 820.84521484375, 847.1648559570312, 834.0050048828125
2023-02-05 16:34:00.519272, 824.1351318359375, 824.1351318359375, 842.2299194335938, 838.9400024414062
2023-02-05 16:34:00.519391, 829.070068359375, 825.7801513671875, 843.8749389648438, 840.5849609375
2023-02-05 16:34:00.519460, 835.6500244140625, 824.1351318359375, 850.454833984375, 840.5849609375
2023-02-05 16:34:00.519529, 832.3600463867188, 824.1351318359375, 848.8098754882812, 838.9400024414062
2023-02-05 16:34:00.519718, 829.070068359375, 825.7801513671875, 848.8098754882812, 838.9400024414062
2023-02-05 16:34:00.519874, 830.715087890625, 825.7801513671875, 852.0997924804688, 838.9400024414062
2023-02-05 16:34:00.519973, 827.4251098632812, 822.4901733398438, 853.7448120117188, 838.9400024414062
2023-02-05 16:34:00.520128, 829.070068359375, 819.2001953125, 855.3897705078125, 835.6500244140625
2023-02-05 16:34:00.520330, 827.4251098632812, 820.84521484375, 850.454833984375, 832.3600463867188
2023-02-05 16:34:00.520513, 824.1351318359375, 825.7801513671875, 850.454833984375, 830.715087890625
2023-02-05 16:34:00.520598, 825.7801513671875, 829.070068359375, 850.454833984375, 832.3600463867188
2023-02-05 16:34:00.520744, 829.070068359375, 827.4251098632812, 852.0997924804688, 837.2949829101562
2023-02-05 16:34:00.520935, 829.070068359375, 824.1351318359375, 852.0997924804688, 830.715087890625
2023-02-05 16:34:00.521683, 829.070068359375, 822.4901733398438, 847.1648559570312, 832.3600463867188
2023-02-05 16:34:00.521799, 830.715087890625, 824.1351318359375, 855.3897705078125, 838.9400024414062
2023-02-05 16:34:00.521939, 832.3600463867188, 825.7801513671875, 858.6797485351562, 843.8749389648438
2023-02-05 16:34:00.522123, 830.715087890625, 825.7801513671875, 852.0997924804688, 835.6500244140625
2023-02-05 16:34:00.522240, 829.070068359375, 822.4901733398438, 843.8749389648438, 835.6500244140625
2023-02-05 16:34:00.522371, 830.715087890625, 822.4901733398438, 848.8098754882812, 838.9400024414062
2023-02-05 16:34:00.522555, 832.3600463867188, 822.4901733398438, 853.7448120117188, 834.0050048828125
2023-02-05 16:34:00.522701, 834.0050048828125, 822.4901733398438, 853.7448120117188, 835.6500244140625
2023-02-05 16:34:00.522830, 832.3600463867188, 825.7801513671875, 855.3897705078125, 837.2949829101562
2023-02-05 16:34:00.522943, 832.3600463867188, 824.1351318359375, 848.8098754882812, 832.3600463867188
2023-02-05 16:34:00.523081, 827.4251098632812, 822.4901733398438, 850.454833984375, 843.8749389648438
2023-02-05 16:34:00.523238, 829.070068359375, 825.7801513671875, 852.0997924804688, 845.5198974609375
2023-02-05 16:34:00.523425, 837.2949829101562, 827.4251098632812, 848.8098754882812, 845.5198974609375
2023-02-05 16:34:00.523500, 830.715087890625, 827.4251098632812, 845.5198974609375, 837.2949829101562
2023-02-05 16:34:00.523617, 830.715087890625, 825.7801513671875, 848.8098754882812, 829.070068359375
2023-02-05 16:34:00.523764, 830.715087890625, 827.4251098632812, 852.0997924804688, 832.3600463867188
2023-02-05 16:34:00.524304, 822.4901733398438, 820.84521484375, 850.454833984375, 824.1351318359375
2023-02-05 16:34:00.524460, 827.4251098632812, 824.1351318359375, 852.0997924804688, 827.4251098632812
2023-02-05 16:34:00.524590, 830.715087890625, 824.1351318359375, 845.5198974609375, 830.715087890625
2023-02-05 16:34:00.524744, 829.070068359375, 822.4901733398438, 845.5198974609375, 832.3600463867188
2023-02-05 16:34:00.524871, 832.3600463867188, 827.4251098632812, 852.0997924804688, 835.6500244140625
2023-02-05 16:34:00.524996, 832.3600463867188, 827.4251098632812, 850.454833984375, 837.2949829101562
2023-02-05 16:34:00.525120, 830.715087890625, 830.715087890625, 853.7448120117188, 834.0050048828125
2023-02-05 16:34:00.525280, 835.6500244140625, 829.070068359375, 850.454833984375, 837.2949829101562
2023-02-05 16:34:00.525423, 837.2949829101562, 834.0050048828125, 845.5198974609375, 837.2949829101562
2023-02-05 16:34:00.525554, 840.5849609375, 832.3600463867188, 847.1648559570312, 845.5198974609375
2023-02-05 16:34:00.525686, 842.2299194335938, 830.715087890625, 842.2299194335938, 843.8749389648438
2023-02-05 16:34:00.525866, 837.2949829101562, 827.4251098632812, 845.5198974609375, 835.6500244140625
2023-02-05 16:34:00.525979, 838.9400024414062, 827.4251098632812, 855.3897705078125, 843.8749389648438
2023-02-05 16:34:00.526122, 838.9400024414062, 829.070068359375, 853.7448120117188, 850.454833984375
2023-02-05 16:34:00.526240, 838.9400024414062, 830.715087890625, 857.0347290039062, 853.7448120117188
2023-02-05 16:34:00.526433, 838.9400024414062, 834.0050048828125, 848.8098754882812, 857.0347290039062
2023-02-05 16:34:00.526532, 843.8749389648438, 834.0050048828125, 850.454833984375, 852.0997924804688
2023-02-05 16:34:00.577616, 842.2299194335938, 830.715087890625, 852.0997924804688, 842.2299194335938
2023-02-05 16:34:00.577778, 843.8749389648438, 824.1351318359375, 850.454833984375, 843.8749389648438
2023-02-05 16:34:00.577985, 842.2299194335938, 824.1351318359375, 853.7448120117188, 847.1648559570312
2023-02-05 16:34:00.578074, 835.6500244140625, 822.4901733398438, 853.7448120117188, 847.1648559570312
2023-02-05 16:34:00.578231, 838.9400024414062, 825.7801513671875, 855.3897705078125, 848.8098754882812
2023-02-05 16:34:00.578349, 834.0050048828125, 829.070068359375, 850.454833984375, 838.9400024414062
2023-02-05 16:34:00.578528, 834.0050048828125, 829.070068359375, 850.454833984375, 837.2949829101562
2023-02-05 16:34:00.578633, 830.715087890625, 829.070068359375, 847.1648559570312, 834.0050048828125
2023-02-05 16:34:00.578770, 830.715087890625, 825.7801513671875, 843.8749389648438, 840.5849609375
2023-02-05 16:34:00.578920, 834.0050048828125, 825.7801513671875, 848.8098754882812, 847.1648559570312
2023-02-05 16:34:00.579090, 832.3600463867188, 829.070068359375, 855.3897705078125, 848.8098754882812
2023-02-05 16:34:00.579175, 835.6500244140625, 830.715087890625, 857.0347290039062, 843.8749389648438
2023-02-05 16:34:00.579277, 840.5849609375, 829.070068359375, 857.0347290039062, 842.2299194335938
2023-02-05 16:34:00.579351, 837.2949829101562, 829.070068359375, 852.0997924804688, 835.6500244140625
2023-02-05 16:34:00.579476, 840.5849609375, 827.4251098632812, 845.5198974609375, 835.6500244140625
2023-02-05 16:34:00.579594, 832.3600463867188, 829.070068359375, 847.1648559570312, 832.3600463867188
2023-02-05 16:34:00.706214, 827.4251098632812, 827.4251098632812, 845.5198974609375, 830.715087890625
2023-02-05 16:34:00.706421, 827.4251098632812, 824.1351318359375, 843.8749389648438, 830.715087890625
2023-02-05 16:34:00.706584, 832.3600463867188, 822.4901733398438, 842.2299194335938, 834.0050048828125
2023-02-05 16:34:00.706736, 834.0050048828125, 825.7801513671875, 840.5849609375, 837.2949829101562
2023-02-05 16:34:00.706857, 838.9400024414062, 825.7801513671875, 845.5198974609375, 845.5198974609375
2023-02-05 16:34:00.706976, 838.9400024414062, 824.1351318359375, 842.2299194335938, 850.454833984375
2023-02-05 16:34:00.707167, 840.5849609375, 832.3600463867188, 853.7448120117188, 847.1648559570312
2023-02-05 16:34:00.707287, 834.0050048828125, 830.715087890625, 857.0347290039062, 842.2299194335938
2023-02-05 16:34:00.707935, 834.0050048828125, 829.070068359375, 853.7448120117188, 840.5849609375
2023-02-05 16:34:00.708086, 834.0050048828125, 827.4251098632812, 853.7448120117188, 835.6500244140625
2023-02-05 16:34:00.708216, 832.3600463867188, 825.7801513671875, 852.0997924804688, 837.2949829101562
2023-02-05 16:34:00.708340, 834.0050048828125, 829.070068359375, 852.0997924804688, 840.5849609375
2023-02-05 16:34:00.708459, 832.3600463867188, 827.4251098632812, 845.5198974609375, 835.6500244140625
2023-02-05 16:34:00.708577, 834.0050048828125, 827.4251098632812, 843.8749389648438, 837.2949829101562
2023-02-05 16:34:00.708694, 837.2949829101562, 827.4251098632812, 848.8098754882812, 840.5849609375
2023-02-05 16:34:00.708809, 838.9400024414062, 824.1351318359375, 853.7448120117188, 840.5849609375
2023-02-05 16:34:00.754560, 832.3600463867188, 827.4251098632812, 857.0347290039062, 834.0050048828125
2023-02-05 16:34:00.754811, 829.070068359375, 827.4251098632812, 855.3897705078125, 838.9400024414062
2023-02-05 16:34:00.754991, 832.3600463867188, 827.4251098632812, 852.0997924804688, 843.8749389648438
2023-02-05 16:34:00.755152, 832.3600463867188, 825.7801513671875, 848.8098754882812, 845.5198974609375
2023-02-05 16:34:00.755312, 837.2949829101562, 825.7801513671875, 848.8098754882812, 850.454833984375
2023-02-05 16:34:00.755464, 835.6500244140625, 825.7801513671875, 848.8098754882812, 843.8749389648438
2023-02-05 16:34:00.755619, 837.2949829101562, 830.715087890625, 850.454833984375, 845.5198974609375
2023-02-05 16:34:00.755769, 835.6500244140625, 830.715087890625, 848.8098754882812, 847.1648559570312
2023-02-05 16:34:00.755923, 837.2949829101562, 829.070068359375, 850.454833984375, 842.2299194335938
2023-02-05 16:34:00.756071, 838.9400024414062, 824.1351318359375, 850.454833984375, 843.8749389648438
2023-02-05 16:34:00.756230, 834.0050048828125, 825.7801513671875, 848.8098754882812, 843.8749389648438
2023-02-05 16:34:00.756367, 835.6500244140625, 827.4251098632812, 850.454833984375, 847.1648559570312
2023-02-05 16:34:00.756488, 832.3600463867188, 824.1351318359375, 845.5198974609375, 837.2949829101562
2023-02-05 16:34:00.756606, 832.3600463867188, 824.1351318359375, 845.5198974609375, 834.0050048828125
2023-02-05 16:34:00.756728, 832.3600463867188, 822.4901733398438, 852.0997924804688, 830.715087890625
2023-02-05 16:34:00.756849, 829.070068359375, 822.4901733398438, 853.7448120117188, 837.2949829101562
2023-02-05 16:34:00.822729, 835.6500244140625, 829.070068359375, 850.454833984375, 843.8749389648438
2023-02-05 16:34:00.823001, 829.070068359375, 827.4251098632812, 852.0997924804688, 834.0050048828125
2023-02-05 16:34:00.823173, 830.715087890625, 824.1351318359375, 845.5198974609375, 834.0050048828125
2023-02-05 16:34:00.823351, 827.4251098632812, 827.4251098632812, 840.5849609375, 837.2949829101562
2023-02-05 16:34:00.823473, 819.2001953125, 824.1351318359375, 853.7448120117188, 832.3600463867188
2023-02-05 16:34:00.823592, 825.7801513671875, 827.4251098632812, 853.7448120117188, 832.3600463867188
2023-02-05 16:34:00.823708, 824.1351318359375, 830.715087890625, 852.0997924804688, 830.715087890625
2023-02-05 16:34:00.823825, 829.070068359375, 834.0050048828125, 850.454833984375, 829.070068359375
2023-02-05 16:34:00.823941, 827.4251098632812, 830.715087890625, 847.1648559570312, 832.3600463867188
2023-02-05 16:34:00.824056, 825.7801513671875, 832.3600463867188, 848.8098754882812, 832.3600463867188
2023-02-05 16:34:00.824172, 819.2001953125, 822.4901733398438, 850.454833984375, 832.3600463867188
2023-02-05 16:34:00.824287, 817.5552368164062, 820.84521484375, 842.2299194335938, 832.3600463867188
2023-02-05 16:34:00.824401, 822.4901733398438, 822.4901733398438, 840.5849609375, 837.2949829101562
2023-02-05 16:34:00.824516, 822.4901733398438, 824.1351318359375, 850.454833984375, 830.715087890625
2023-02-05 16:34:00.824632, 824.1351318359375, 827.4251098632812, 853.7448120117188, 832.3600463867188
2023-02-05 16:34:00.824747, 824.1351318359375, 825.7801513671875, 855.3897705078125, 832.3600463867188
2023-02-05 16:34:00.998315, 820.84521484375, 829.070068359375, 847.1648559570312, 837.2949829101562
2023-02-05 16:34:00.998532, 832.3600463867188, 825.7801513671875, 848.8098754882812, 847.1648559570312
2023-02-05 16:34:00.998694, 827.4251098632812, 824.1351318359375, 853.7448120117188, 838.9400024414062
2023-02-05 16:34:00.998848, 820.84521484375, 822.4901733398438, 853.7448120117188, 835.6500244140625
2023-02-05 16:34:00.998999, 824.1351318359375, 824.1351318359375, 848.8098754882812, 837.2949829101562
2023-02-05 16:34:00.999147, 819.2001953125, 819.2001953125, 850.454833984375, 830.715087890625
2023-02-05 16:34:00.999295, 824.1351318359375, 820.84521484375, 850.454833984375, 834.0050048828125
2023-02-05 16:34:00.999442, 827.4251098632812, 822.4901733398438, 847.1648559570312, 834.0050048828125
2023-02-05 16:34:00.999588, 822.4901733398438, 815.9102783203125, 855.3897705078125, 830.715087890625
2023-02-05 16:34:00.999736, 822.4901733398438, 825.7801513671875, 853.7448120117188, 830.715087890625
2023-02-05 16:34:00.999898, 822.4901733398438, 825.7801513671875, 857.0347290039062, 832.3600463867188
2023-02-05 16:34:01.000014, 820.84521484375, 827.4251098632812, 850.454833984375, 830.715087890625
2023-02-05 16:34:01.000131, 825.7801513671875, 827.4251098632812, 845.5198974609375, 827.4251098632812
2023-02-05 16:34:01.000247, 824.1351318359375, 822.4901733398438, 847.1648559570312, 825.7801513671875
2023-02-05 16:34:01.000364, 822.4901733398438, 824.1351318359375, 853.7448120117188, 837.2949829101562
2023-02-05 16:34:01.000480, 827.4251098632812, 824.1351318359375, 855.3897705078125, 835.6500244140625
2023-02-05 16:34:01.130326, 825.7801513671875, 829.070068359375, 850.454833984375, 827.4251098632812
2023-02-05 16:34:01.130493, 825.7801513671875, 824.1351318359375, 848.8098754882812, 832.3600463867188
2023-02-05 16:34:01.130692, 829.070068359375, 825.7801513671875, 852.0997924804688, 835.6500244140625
2023-02-05 16:34:01.131040, 830.715087890625, 825.7801513671875, 847.1648559570312, 832.3600463867188
2023-02-05 16:34:01.131209, 829.070068359375, 824.1351318359375, 842.2299194335938, 837.2949829101562
2023-02-05 16:34:01.131337, 825.7801513671875, 822.4901733398438, 848.8098754882812, 835.6500244140625
2023-02-05 16:34:01.131548, 829.070068359375, 825.7801513671875, 853.7448120117188, 834.0050048828125
2023-02-05 16:34:01.131695, 825.7801513671875, 827.4251098632812, 857.0347290039062, 838.9400024414062
2023-02-05 16:34:01.131844, 830.715087890625, 825.7801513671875, 855.3897705078125, 838.9400024414062
2023-02-05 16:34:01.131966, 830.715087890625, 827.4251098632812, 848.8098754882812, 835.6500244140625
2023-02-05 16:34:01.132181, 829.070068359375, 824.1351318359375, 847.1648559570312, 835.6500244140625
2023-02-05 16:34:01.132302, 827.4251098632812, 822.4901733398438, 850.454833984375, 840.5849609375
2023-02-05 16:34:01.132420, 827.4251098632812, 825.7801513671875, 857.0347290039062, 835.6500244140625
2023-02-05 16:34:01.132538, 829.070068359375, 825.7801513671875, 853.7448120117188, 835.6500244140625
2023-02-05 16:34:01.132719, 827.4251098632812, 822.4901733398438, 853.7448120117188, 843.8749389648438
2023-02-05 16:34:01.132839, 829.070068359375, 824.1351318359375, 848.8098754882812, 840.5849609375
2023-02-05 16:34:01.133301, 830.715087890625, 822.4901733398438, 850.454833984375, 842.2299194335938
2023-02-05 16:34:01.133424, 830.715087890625, 822.4901733398438, 855.3897705078125, 840.5849609375
2023-02-05 16:34:01.133611, 834.0050048828125, 827.4251098632812, 857.0347290039062, 843.8749389648438
2023-02-05 16:34:01.133768, 834.0050048828125, 824.1351318359375, 853.7448120117188, 845.5198974609375
2023-02-05 16:34:01.133992, 835.6500244140625, 819.2001953125, 848.8098754882812, 838.9400024414062
2023-02-05 16:34:01.134113, 832.3600463867188, 824.1351318359375, 845.5198974609375, 834.0050048828125
2023-02-05 16:34:01.134309, 832.3600463867188, 824.1351318359375, 843.8749389648438, 837.2949829101562
2023-02-05 16:34:01.134428, 834.0050048828125, 825.7801513671875, 840.5849609375, 837.2949829101562
2023-02-05 16:34:01.134545, 830.715087890625, 822.4901733398438, 852.0997924804688, 835.6500244140625
2023-02-05 16:34:01.134677, 835.6500244140625, 820.84521484375, 857.0347290039062, 840.5849609375
2023-02-05 16:34:01.134846, 837.2949829101562, 824.1351318359375, 860.32470703125, 840.5849609375
2023-02-05 16:34:01.134974, 832.3600463867188, 825.7801513671875, 858.6797485351562, 843.8749389648438
2023-02-05 16:34:01.135104, 827.4251098632812, 822.4901733398438, 848.8098754882812, 848.8098754882812
2023-02-05 16:34:01.135231, 825.7801513671875, 827.4251098632812, 845.5198974609375, 843.8749389648438
2023-02-05 16:34:01.135404, 824.1351318359375, 824.1351318359375, 853.7448120117188, 837.2949829101562
2023-02-05 16:34:01.135522, 829.070068359375, 829.070068359375, 852.0997924804688, 834.0050048828125
2023-02-05 16:34:01.136242, 834.0050048828125, 832.3600463867188, 852.0997924804688, 835.6500244140625
2023-02-05 16:34:01.136379, 832.3600463867188, 827.4251098632812, 853.7448120117188, 840.5849609375
2023-02-05 16:34:01.136581, 835.6500244140625, 827.4251098632812, 843.8749389648438, 847.1648559570312
2023-02-05 16:34:01.136694, 830.715087890625, 824.1351318359375, 853.7448120117188, 843.8749389648438
2023-02-05 16:34:01.136825, 837.2949829101562, 824.1351318359375, 855.3897705078125, 847.1648559570312
2023-02-05 16:34:01.136983, 835.6500244140625, 824.1351318359375, 853.7448120117188, 840.5849609375
2023-02-05 16:34:01.137127, 834.0050048828125, 824.1351318359375, 853.7448120117188, 840.5849609375
2023-02-05 16:34:01.137253, 835.6500244140625, 827.4251098632812, 850.454833984375, 843.8749389648438
2023-02-05 16:34:01.137385, 832.3600463867188, 825.7801513671875, 848.8098754882812, 840.5849609375
2023-02-05 16:34:01.137514, 838.9400024414062, 829.070068359375, 848.8098754882812, 838.9400024414062
2023-02-05 16:34:01.137705, 847.1648559570312, 830.715087890625, 847.1648559570312, 845.5198974609375
2023-02-05 16:34:01.137828, 840.5849609375, 829.070068359375, 843.8749389648438, 845.5198974609375
2023-02-05 16:34:01.138108, 842.2299194335938, 825.7801513671875, 857.0347290039062, 847.1648559570312
2023-02-05 16:34:01.138214, 842.2299194335938, 824.1351318359375, 857.0347290039062, 843.8749389648438
2023-02-05 16:34:01.138311, 842.2299194335938, 822.4901733398438, 857.0347290039062, 850.454833984375
2023-02-05 16:34:01.138406, 842.2299194335938, 825.7801513671875, 853.7448120117188, 848.8098754882812
2023-02-05 16:34:01.138547, 840.5849609375, 825.7801513671875, 853.7448120117188, 850.454833984375
2023-02-05 16:34:01.296940, 835.6500244140625, 825.7801513671875, 855.3897705078125, 850.454833984375
2023-02-05 16:34:01.297143, 842.2299194335938, 827.4251098632812, 852.0997924804688, 848.8098754882812
2023-02-05 16:34:01.297319, 843.8749389648438, 827.4251098632812, 848.8098754882812, 850.454833984375
2023-02-05 16:34:01.297439, 843.8749389648438, 822.4901733398438, 845.5198974609375, 853.7448120117188
2023-02-05 16:34:01.297555, 837.2949829101562, 824.1351318359375, 845.5198974609375, 848.8098754882812
2023-02-05 16:34:01.297670, 840.5849609375, 824.1351318359375, 852.0997924804688, 848.8098754882812
2023-02-05 16:34:01.297786, 840.5849609375, 824.1351318359375, 853.7448120117188, 852.0997924804688
2023-02-05 16:34:01.297902, 837.2949829101562, 824.1351318359375, 853.7448120117188, 847.1648559570312
2023-02-05 16:34:01.298017, 842.2299194335938, 824.1351318359375, 855.3897705078125, 853.7448120117188
2023-02-05 16:34:01.298131, 834.0050048828125, 822.4901733398438, 853.7448120117188, 843.8749389648438
2023-02-05 16:34:01.298246, 842.2299194335938, 824.1351318359375, 848.8098754882812, 843.8749389648438
2023-02-05 16:34:01.298361, 855.3897705078125, 830.715087890625, 848.8098754882812, 861.9697265625
2023-02-05 16:34:01.298475, 832.3600463867188, 825.7801513671875, 850.454833984375, 843.8749389648438
2023-02-05 16:34:01.298589, 830.715087890625, 819.2001953125, 850.454833984375, 838.9400024414062
2023-02-05 16:34:01.298703, 838.9400024414062, 824.1351318359375, 858.6797485351562, 847.1648559570312
2023-02-05 16:34:01.298817, 832.3600463867188, 817.5552368164062, 855.3897705078125, 837.2949829101562
2023-02-05 16:34:01.299173, 837.2949829101562, 815.9102783203125, 857.0347290039062, 845.5198974609375
2023-02-05 16:34:01.299289, 824.1351318359375, 814.2652587890625, 860.32470703125, 838.9400024414062
2023-02-05 16:34:01.299404, 820.84521484375, 814.2652587890625, 863.6146850585938, 838.9400024414062
2023-02-05 16:34:01.299519, 834.0050048828125, 815.9102783203125, 861.9697265625, 843.8749389648438
2023-02-05 16:34:01.299633, 835.6500244140625, 819.2001953125, 858.6797485351562, 850.454833984375
2023-02-05 16:34:01.299747, 830.715087890625, 817.5552368164062, 853.7448120117188, 850.454833984375
2023-02-05 16:34:01.299862, 829.070068359375, 812.6203002929688, 858.6797485351562, 843.8749389648438
2023-02-05 16:34:01.299976, 827.4251098632812, 817.5552368164062, 861.9697265625, 842.2299194335938
2023-02-05 16:34:01.300090, 834.0050048828125, 819.2001953125, 858.6797485351562, 852.0997924804688
2023-02-05 16:34:01.300204, 835.6500244140625, 822.4901733398438, 855.3897705078125, 857.0347290039062
2023-02-05 16:34:01.300317, 835.6500244140625, 819.2001953125, 858.6797485351562, 852.0997924804688
2023-02-05 16:34:01.300431, 838.9400024414062, 819.2001953125, 861.9697265625, 850.454833984375
2023-02-05 16:34:01.300544, 842.2299194335938, 820.84521484375, 861.9697265625, 848.8098754882812
2023-02-05 16:34:01.300657, 835.6500244140625, 820.84521484375, 855.3897705078125, 843.8749389648438
2023-02-05 16:34:01.300770, 838.9400024414062, 824.1351318359375, 855.3897705078125, 845.5198974609375
2023-02-05 16:34:01.300886, 843.8749389648438, 819.2001953125, 858.6797485351562, 848.8098754882812
2023-02-05 16:34:01.412183, 843.8749389648438, 815.9102783203125, 858.6797485351562, 847.1648559570312
2023-02-05 16:34:01.412394, 840.5849609375, 815.9102783203125, 857.0347290039062, 852.0997924804688
2023-02-05 16:34:01.412561, 842.2299194335938, 820.84521484375, 853.7448120117188, 852.0997924804688
2023-02-05 16:34:01.412720, 842.2299194335938, 824.1351318359375, 855.3897705078125, 852.0997924804688
2023-02-05 16:34:01.412886, 840.5849609375, 825.7801513671875, 852.0997924804688, 848.8098754882812
2023-02-05 16:34:01.413008, 837.2949829101562, 820.84521484375, 845.5198974609375, 842.2299194335938
2023-02-05 16:34:01.413127, 832.3600463867188, 820.84521484375, 852.0997924804688, 842.2299194335938
2023-02-05 16:34:01.413246, 829.070068359375, 822.4901733398438, 850.454833984375, 842.2299194335938
2023-02-05 16:34:01.413365, 832.3600463867188, 820.84521484375, 853.7448120117188, 847.1648559570312
2023-02-05 16:34:01.413488, 830.715087890625, 822.4901733398438, 858.6797485351562, 847.1648559570312
2023-02-05 16:34:01.413607, 835.6500244140625, 820.84521484375, 855.3897705078125, 845.5198974609375
2023-02-05 16:34:01.413726, 837.2949829101562, 824.1351318359375, 857.0347290039062, 848.8098754882812
2023-02-05 16:34:01.413843, 837.2949829101562, 822.4901733398438, 853.7448120117188, 842.2299194335938
2023-02-05 16:34:01.413960, 837.2949829101562, 824.1351318359375, 852.0997924804688, 847.1648559570312
2023-02-05 16:34:01.414076, 835.6500244140625, 820.84521484375, 853.7448120117188, 847.1648559570312
2023-02-05 16:34:01.414268, 835.6500244140625, 820.84521484375, 855.3897705078125, 848.8098754882812
2023-02-05 16:34:01.414946, 837.2949829101562, 820.84521484375, 855.3897705078125, 847.1648559570312
2023-02-05 16:34:01.415148, 845.5198974609375, 825.7801513671875, 853.7448120117188, 850.454833984375
2023-02-05 16:34:01.415279, 847.1648559570312, 825.7801513671875, 853.7448120117188, 848.8098754882812
2023-02-05 16:34:01.415399, 848.8098754882812, 830.715087890625, 855.3897705078125, 842.2299194335938
2023-02-05 16:34:01.415523, 847.1648559570312, 834.0050048828125, 852.0997924804688, 845.5198974609375
2023-02-05 16:34:01.415713, 838.9400024414062, 830.715087890625, 850.454833984375, 834.0050048828125
2023-02-05 16:34:01.415836, 837.2949829101562, 832.3600463867188, 855.3897705078125, 834.0050048828125
2023-02-05 16:34:01.415957, 837.2949829101562, 827.4251098632812, 858.6797485351562, 838.9400024414062
2023-02-05 16:34:01.416117, 832.3600463867188, 827.4251098632812, 855.3897705078125, 835.6500244140625
2023-02-05 16:34:01.416282, 837.2949829101562, 824.1351318359375, 852.0997924804688, 840.5849609375
2023-02-05 16:34:01.416561, 835.6500244140625, 825.7801513671875, 848.8098754882812, 835.6500244140625
2023-02-05 16:34:01.416689, 832.3600463867188, 827.4251098632812, 850.454833984375, 835.6500244140625
2023-02-05 16:34:01.416808, 834.0050048828125, 827.4251098632812, 847.1648559570312, 832.3600463867188
2023-02-05 16:34:01.417007, 834.0050048828125, 830.715087890625, 843.8749389648438, 837.2949829101562
2023-02-05 16:34:01.417150, 832.3600463867188, 829.070068359375, 857.0347290039062, 835.6500244140625
2023-02-05 16:34:01.417303, 834.0050048828125, 827.4251098632812, 855.3897705078125, 838.9400024414062
2023-02-05 16:34:01.591113, 832.3600463867188, 824.1351318359375, 858.6797485351562, 838.9400024414062
2023-02-05 16:34:01.591312, 832.3600463867188, 825.7801513671875, 848.8098754882812, 834.0050048828125
2023-02-05 16:34:01.591434, 832.3600463867188, 827.4251098632812, 845.5198974609375, 829.070068359375
2023-02-05 16:34:01.591579, 832.3600463867188, 829.070068359375, 853.7448120117188, 829.070068359375
2023-02-05 16:34:01.591715, 832.3600463867188, 825.7801513671875, 853.7448120117188, 832.3600463867188
2023-02-05 16:34:01.591914, 832.3600463867188, 824.1351318359375, 853.7448120117188, 834.0050048828125
2023-02-05 16:34:01.592027, 837.2949829101562, 825.7801513671875, 850.454833984375, 840.5849609375
2023-02-05 16:34:01.592185, 835.6500244140625, 824.1351318359375, 845.5198974609375, 840.5849609375
2023-02-05 16:34:01.592294, 837.2949829101562, 829.070068359375, 848.8098754882812, 842.2299194335938
2023-02-05 16:34:01.592480, 834.0050048828125, 825.7801513671875, 848.8098754882812, 837.2949829101562
2023-02-05 16:34:01.592587, 834.0050048828125, 825.7801513671875, 848.8098754882812, 835.6500244140625
2023-02-05 16:34:01.592722, 838.9400024414062, 830.715087890625, 848.8098754882812, 835.6500244140625
2023-02-05 16:34:01.592850, 837.2949829101562, 830.715087890625, 852.0997924804688, 835.6500244140625
2023-02-05 16:34:01.593043, 837.2949829101562, 829.070068359375, 853.7448120117188, 840.5849609375
2023-02-05 16:34:01.593168, 837.2949829101562, 827.4251098632812, 855.3897705078125, 847.1648559570312
2023-02-05 16:34:01.593294, 832.3600463867188, 824.1351318359375, 860.32470703125, 848.8098754882812
2023-02-05 16:34:01.683547, 834.0050048828125, 822.4901733398438, 852.0997924804688, 850.454833984375
2023-02-05 16:34:01.684125, 834.0050048828125, 824.1351318359375, 848.8098754882812, 840.5849609375
2023-02-05 16:34:01.684338, 835.6500244140625, 824.1351318359375, 845.5198974609375, 838.9400024414062
2023-02-05 16:34:01.684501, 829.070068359375, 824.1351318359375, 843.8749389648438, 830.715087890625
2023-02-05 16:34:01.684647, 830.715087890625, 829.070068359375, 842.2299194335938, 834.0050048828125
2023-02-05 16:34:01.684812, 830.715087890625, 824.1351318359375, 852.0997924804688, 827.4251098632812
2023-02-05 16:34:01.684961, 829.070068359375, 824.1351318359375, 850.454833984375, 830.715087890625
2023-02-05 16:34:01.685116, 837.2949829101562, 824.1351318359375, 853.7448120117188, 837.2949829101562
2023-02-05 16:34:01.685258, 835.6500244140625, 824.1351318359375, 852.0997924804688, 835.6500244140625
2023-02-05 16:34:01.685375, 835.6500244140625, 829.070068359375, 848.8098754882812, 840.5849609375
2023-02-05 16:34:01.685490, 830.715087890625, 820.84521484375, 852.0997924804688, 837.2949829101562
2023-02-05 16:34:01.685647, 834.0050048828125, 827.4251098632812, 848.8098754882812, 842.2299194335938
2023-02-05 16:34:01.685785, 835.6500244140625, 829.070068359375, 845.5198974609375, 850.454833984375
2023-02-05 16:34:01.685971, 837.2949829101562, 832.3600463867188, 848.8098754882812, 843.8749389648438
2023-02-05 16:34:01.686092, 838.9400024414062, 830.715087890625, 855.3897705078125, 838.9400024414062
2023-02-05 16:34:01.686433, 835.6500244140625, 827.4251098632812, 855.3897705078125, 845.5198974609375
2023-02-05 16:34:01.686809, 832.3600463867188, 824.1351318359375, 855.3897705078125, 843.8749389648438
2023-02-05 16:34:01.687023, 834.0050048828125, 827.4251098632812, 845.5198974609375, 845.5198974609375
2023-02-05 16:34:01.687206, 837.2949829101562, 829.070068359375, 848.8098754882812, 845.5198974609375
2023-02-05 16:34:01.687449, 834.0050048828125, 827.4251098632812, 855.3897705078125, 838.9400024414062
2023-02-05 16:34:01.687583, 835.6500244140625, 832.3600463867188, 855.3897705078125, 840.5849609375
2023-02-05 16:34:01.687774, 835.6500244140625, 829.070068359375, 857.0347290039062, 842.2299194335938
2023-02-05 16:34:01.687900, 830.715087890625, 824.1351318359375, 848.8098754882812, 834.0050048828125
2023-02-05 16:34:01.688021, 834.0050048828125, 829.070068359375, 853.7448120117188, 838.9400024414062
2023-02-05 16:34:01.688141, 832.3600463867188, 830.715087890625, 853.7448120117188, 835.6500244140625
2023-02-05 16:34:01.688312, 834.0050048828125, 832.3600463867188, 852.0997924804688, 842.2299194335938
2023-02-05 16:34:01.688434, 834.0050048828125, 830.715087890625, 850.454833984375, 837.2949829101562
2023-02-05 16:34:01.688553, 832.3600463867188, 824.1351318359375, 842.2299194335938, 838.9400024414062
2023-02-05 16:34:01.688699, 834.0050048828125, 822.4901733398438, 845.5198974609375, 832.3600463867188
2023-02-05 16:34:01.688867, 838.9400024414062, 832.3600463867188, 850.454833984375, 834.0050048828125
2023-02-05 16:34:01.688988, 838.9400024414062, 832.3600463867188, 848.8098754882812, 843.8749389648438
2023-02-05 16:34:01.689106, 835.6500244140625, 830.715087890625, 852.0997924804688, 838.9400024414062
2023-02-05 16:34:01.780566, 832.3600463867188, 834.0050048828125, 850.454833984375, 840.5849609375
2023-02-05 16:34:01.781307, 830.715087890625, 830.715087890625, 850.454833984375, 840.5849609375
2023-02-05 16:34:01.781500, 832.3600463867188, 827.4251098632812, 848.8098754882812, 842.2299194335938
2023-02-05 16:34:01.781643, 832.3600463867188, 829.070068359375, 842.2299194335938, 848.8098754882812
2023-02-05 16:34:01.781775, 834.0050048828125, 827.4251098632812, 843.8749389648438, 845.5198974609375
2023-02-05 16:34:01.781902, 834.0050048828125, 824.1351318359375, 853.7448120117188, 845.5198974609375
2023-02-05 16:34:01.782025, 838.9400024414062, 829.070068359375, 847.1648559570312, 847.1648559570312
2023-02-05 16:34:01.782146, 837.2949829101562, 832.3600463867188, 848.8098754882812, 842.2299194335938
2023-02-05 16:34:01.782267, 827.4251098632812, 830.715087890625, 845.5198974609375, 834.0050048828125
2023-02-05 16:34:01.782414, 820.84521484375, 830.715087890625, 847.1648559570312, 825.7801513671875
2023-02-05 16:34:01.782539, 830.715087890625, 837.2949829101562, 848.8098754882812, 830.715087890625
2023-02-05 16:34:01.782660, 830.715087890625, 832.3600463867188, 843.8749389648438, 822.4901733398438
2023-02-05 16:34:01.782778, 827.4251098632812, 827.4251098632812, 835.6500244140625, 825.7801513671875
2023-02-05 16:34:01.782977, 824.1351318359375, 838.9400024414062, 835.6500244140625, 822.4901733398438
2023-02-05 16:34:01.783098, 817.5552368164062, 835.6500244140625, 838.9400024414062, 827.4251098632812
2023-02-05 16:34:01.783217, 825.7801513671875, 837.2949829101562, 840.5849609375, 835.6500244140625
2023-02-05 16:34:01.783336, 829.070068359375, 835.6500244140625, 835.6500244140625, 834.0050048828125
2023-02-05 16:34:01.783929, 824.1351318359375, 832.3600463867188, 840.5849609375, 827.4251098632812
2023-02-05 16:34:01.784078, 829.070068359375, 832.3600463867188, 845.5198974609375, 825.7801513671875
2023-02-05 16:34:01.784206, 827.4251098632812, 834.0050048828125, 838.9400024414062, 824.1351318359375
2023-02-05 16:34:01.784327, 824.1351318359375, 829.070068359375, 845.5198974609375, 815.9102783203125
2023-02-05 16:34:01.784484, 824.1351318359375, 830.715087890625, 843.8749389648438, 824.1351318359375
2023-02-05 16:34:01.784673, 825.7801513671875, 835.6500244140625, 843.8749389648438, 825.7801513671875
2023-02-05 16:34:01.784771, 827.4251098632812, 830.715087890625, 847.1648559570312, 829.070068359375
2023-02-05 16:34:01.784893, 829.070068359375, 834.0050048828125, 843.8749389648438, 830.715087890625
2023-02-05 16:34:01.785109, 830.715087890625, 832.3600463867188, 848.8098754882812, 832.3600463867188
2023-02-05 16:34:01.785206, 825.7801513671875, 834.0050048828125, 848.8098754882812, 840.5849609375
2023-02-05 16:34:01.785384, 827.4251098632812, 834.0050048828125, 845.5198974609375, 842.2299194335938
2023-02-05 16:34:01.785503, 835.6500244140625, 832.3600463867188, 840.5849609375, 842.2299194335938
2023-02-05 16:34:01.785760, 829.070068359375, 825.7801513671875, 845.5198974609375, 835.6500244140625
2023-02-05 16:34:01.785856, 832.3600463867188, 824.1351318359375, 847.1648559570312, 835.6500244140625
2023-02-05 16:34:01.785993, 832.3600463867188, 830.715087890625, 850.454833984375, 837.2949829101562
2023-02-05 16:34:01.786173, 829.070068359375, 827.4251098632812, 850.454833984375, 834.0050048828125
2023-02-05 16:34:01.896605, 834.0050048828125, 830.715087890625, 842.2299194335938, 837.2949829101562
2023-02-05 16:34:01.896782, 835.6500244140625, 832.3600463867188, 847.1648559570312, 835.6500244140625
2023-02-05 16:34:01.896925, 830.715087890625, 825.7801513671875, 848.8098754882812, 832.3600463867188
2023-02-05 16:34:01.897073, 830.715087890625, 827.4251098632812, 843.8749389648438, 838.9400024414062
2023-02-05 16:34:01.897258, 829.070068359375, 829.070068359375, 847.1648559570312, 837.2949829101562
2023-02-05 16:34:01.897374, 832.3600463867188, 822.4901733398438, 855.3897705078125, 838.9400024414062
2023-02-05 16:34:01.897579, 837.2949829101562, 824.1351318359375, 853.7448120117188, 837.2949829101562
2023-02-05 16:34:01.897901, 829.070068359375, 830.715087890625, 858.6797485351562, 838.9400024414062
2023-02-05 16:34:01.898139, 832.3600463867188, 829.070068359375, 852.0997924804688, 838.9400024414062
2023-02-05 16:34:01.898257, 829.070068359375, 832.3600463867188, 847.1648559570312, 840.5849609375
2023-02-05 16:34:01.898392, 825.7801513671875, 832.3600463867188, 847.1648559570312, 835.6500244140625
2023-02-05 16:34:01.898527, 829.070068359375, 827.4251098632812, 843.8749389648438, 830.715087890625
2023-02-05 16:34:01.898712, 830.715087890625, 830.715087890625, 843.8749389648438, 829.070068359375
2023-02-05 16:34:01.898935, 825.7801513671875, 829.070068359375, 847.1648559570312, 832.3600463867188
2023-02-05 16:34:01.899128, 825.7801513671875, 827.4251098632812, 852.0997924804688, 834.0050048828125
2023-02-05 16:34:01.899353, 827.4251098632812, 827.4251098632812, 850.454833984375, 832.3600463867188
2023-02-05 16:34:01.899873, 825.7801513671875, 830.715087890625, 848.8098754882812, 834.0050048828125
2023-02-05 16:34:01.900014, 830.715087890625, 834.0050048828125, 848.8098754882812, 837.2949829101562
2023-02-05 16:34:01.900151, 830.715087890625, 830.715087890625, 845.5198974609375, 842.2299194335938
2023-02-05 16:34:01.900315, 834.0050048828125, 827.4251098632812, 840.5849609375, 847.1648559570312
2023-02-05 16:34:01.900580, 830.715087890625, 822.4901733398438, 837.2949829101562, 837.2949829101562
2023-02-05 16:34:01.900683, 830.715087890625, 829.070068359375, 852.0997924804688, 838.9400024414062
2023-02-05 16:34:01.900830, 832.3600463867188, 825.7801513671875, 857.0347290039062, 834.0050048828125
2023-02-05 16:34:01.900974, 830.715087890625, 830.715087890625, 858.6797485351562, 832.3600463867188
2023-02-05 16:34:01.901148, 832.3600463867188, 829.070068359375, 855.3897705078125, 829.070068359375
2023-02-05 16:34:01.901268, 830.715087890625, 827.4251098632812, 850.454833984375, 825.7801513671875
2023-02-05 16:34:01.901408, 822.4901733398438, 830.715087890625, 848.8098754882812, 830.715087890625
2023-02-05 16:34:01.901559, 822.4901733398438, 830.715087890625, 852.0997924804688, 832.3600463867188
2023-02-05 16:34:01.901751, 824.1351318359375, 824.1351318359375, 845.5198974609375, 834.0050048828125
2023-02-05 16:34:01.901999, 820.84521484375, 824.1351318359375, 847.1648559570312, 827.4251098632812
2023-02-05 16:34:01.902142, 824.1351318359375, 829.070068359375, 855.3897705078125, 824.1351318359375
2023-02-05 16:34:01.902277, 824.1351318359375, 829.070068359375, 852.0997924804688, 829.070068359375
2023-02-05 16:34:01.992432, 822.4901733398438, 830.715087890625, 850.454833984375, 822.4901733398438
2023-02-05 16:34:01.992615, 819.2001953125, 832.3600463867188, 847.1648559570312, 812.6203002929688
2023-02-05 16:34:01.992772, 810.9752807617188, 827.4251098632812, 847.1648559570312, 812.6203002929688
2023-02-05 16:34:01.992935, 809.330322265625, 825.7801513671875, 852.0997924804688, 814.2652587890625
2023-02-05 16:34:01.993115, 809.330322265625, 830.715087890625, 850.454833984375, 806.0403442382812
2023-02-05 16:34:01.993239, 804.3953857421875, 830.715087890625, 850.454833984375, 802.7504272460938
2023-02-05 16:34:01.993370, 799.46044921875, 832.3600463867188, 853.7448120117188, 797.8154907226562
2023-02-05 16:34:01.993508, 789.590576171875, 834.0050048828125, 848.8098754882812, 786.3005981445312
2023-02-05 16:34:01.993717, 787.945556640625, 834.0050048828125, 850.454833984375, 787.945556640625
2023-02-05 16:34:01.993815, 776.4307250976562, 837.2949829101562, 850.454833984375, 781.3656616210938
2023-02-05 16:34:01.993953, 763.2708740234375, 837.2949829101562, 852.0997924804688, 763.2708740234375
2023-02-05 16:34:01.994092, 748.466064453125, 834.0050048828125, 855.3897705078125, 751.7560424804688
2023-02-05 16:34:01.994289, 748.466064453125, 834.0050048828125, 855.3897705078125, 745.1760864257812
2023-02-05 16:34:01.994424, 745.1760864257812, 832.3600463867188, 855.3897705078125, 741.8861083984375
2023-02-05 16:34:01.994569, 736.951171875, 832.3600463867188, 853.7448120117188, 738.59619140625
2023-02-05 16:34:01.994733, 725.4363403320312, 832.3600463867188, 850.454833984375, 732.0162353515625
2023-02-05 16:34:02.065483, 723.7913208007812, 834.0050048828125, 857.0347290039062, 727.081298828125
2023-02-05 16:34:02.065597, 723.7913208007812, 837.2949829101562, 861.9697265625, 723.7913208007812
2023-02-05 16:34:02.066041, 717.21142578125, 837.2949829101562, 860.32470703125, 722.1463623046875
2023-02-05 16:34:02.066137, 720.5014038085938, 840.5849609375, 861.9697265625, 728.726318359375
2023-02-05 16:34:02.066218, 710.6315307617188, 838.9400024414062, 858.6797485351562, 720.5014038085938
2023-02-05 16:34:02.066295, 710.6315307617188, 835.6500244140625, 853.7448120117188, 723.7913208007812
2023-02-05 16:34:02.066370, 712.2764892578125, 835.6500244140625, 860.32470703125, 718.8563842773438
2023-02-05 16:34:02.066444, 708.9865112304688, 838.9400024414062, 857.0347290039062, 707.341552734375
2023-02-05 16:34:02.066517, 712.2764892578125, 837.2949829101562, 850.454833984375, 722.1463623046875
2023-02-05 16:34:02.066589, 715.5664672851562, 837.2949829101562, 860.32470703125, 715.5664672851562
2023-02-05 16:34:02.066662, 712.2764892578125, 834.0050048828125, 861.9697265625, 715.5664672851562
2023-02-05 16:34:02.066733, 713.9214477539062, 832.3600463867188, 858.6797485351562, 718.8563842773438
2023-02-05 16:34:02.066805, 717.21142578125, 835.6500244140625, 866.9046630859375, 717.21142578125
2023-02-05 16:34:02.066876, 722.1463623046875, 832.3600463867188, 860.32470703125, 725.4363403320312
2023-02-05 16:34:02.066947, 730.3712768554688, 832.3600463867188, 861.9697265625, 741.8861083984375
2023-02-05 16:34:02.067018, 728.726318359375, 834.0050048828125, 861.9697265625, 740.2411499023438
2023-02-05 16:34:02.177478, 732.0162353515625, 829.070068359375, 857.0347290039062, 741.8861083984375
2023-02-05 16:34:02.177649, 738.59619140625, 830.715087890625, 853.7448120117188, 755.0459594726562
2023-02-05 16:34:02.177801, 740.2411499023438, 825.7801513671875, 853.7448120117188, 755.0459594726562
2023-02-05 16:34:02.177931, 753.4010009765625, 824.1351318359375, 861.9697265625, 763.2708740234375
2023-02-05 16:34:02.178122, 751.7560424804688, 820.84521484375, 860.32470703125, 769.850830078125
2023-02-05 16:34:02.178250, 753.4010009765625, 814.2652587890625, 852.0997924804688, 773.1407470703125
2023-02-05 16:34:02.178402, 755.0459594726562, 819.2001953125, 852.0997924804688, 771.4957885742188
2023-02-05 16:34:02.178552, 761.6259155273438, 825.7801513671875, 853.7448120117188, 774.7857666015625
2023-02-05 16:34:02.178748, 766.5608520507812, 824.1351318359375, 868.5496215820312, 776.4307250976562
2023-02-05 16:34:02.178878, 773.1407470703125, 824.1351318359375, 866.9046630859375, 773.1407470703125
2023-02-05 16:34:02.179032, 781.3656616210938, 822.4901733398438, 860.32470703125, 784.6556396484375
2023-02-05 16:34:02.179161, 794.5255126953125, 829.070068359375, 858.6797485351562, 799.46044921875
2023-02-05 16:34:02.179368, 801.1054077148438, 830.715087890625, 855.3897705078125, 806.0403442382812
2023-02-05 16:34:02.179505, 801.1054077148438, 827.4251098632812, 853.7448120117188, 824.1351318359375
2023-02-05 16:34:02.179659, 812.6203002929688, 827.4251098632812, 848.8098754882812, 825.7801513671875
2023-02-05 16:34:02.179916, 812.6203002929688, 822.4901733398438, 855.3897705078125, 817.5552368164062
2023-02-05 16:34:02.290710, 824.1351318359375, 824.1351318359375, 850.454833984375, 830.715087890625
2023-02-05 16:34:02.290861, 830.715087890625, 824.1351318359375, 853.7448120117188, 832.3600463867188
2023-02-05 16:34:02.291009, 832.3600463867188, 825.7801513671875, 853.7448120117188, 837.2949829101562
2023-02-05 16:34:02.291146, 837.2949829101562, 825.7801513671875, 848.8098754882812, 843.8749389648438
2023-02-05 16:34:02.291349, 847.1648559570312, 825.7801513671875, 847.1648559570312, 848.8098754882812
2023-02-05 16:34:02.291467, 857.0347290039062, 829.070068359375, 842.2299194335938, 857.0347290039062
2023-02-05 16:34:02.291606, 863.6146850585938, 824.1351318359375, 834.0050048828125, 866.9046630859375
2023-02-05 16:34:02.291744, 870.194580078125, 827.4251098632812, 830.715087890625, 865.2596435546875
2023-02-05 16:34:02.292063, 870.194580078125, 825.7801513671875, 847.1648559570312, 873.4845581054688
2023-02-05 16:34:02.292227, 870.194580078125, 827.4251098632812, 853.7448120117188, 876.7745361328125
2023-02-05 16:34:02.292342, 878.4194946289062, 827.4251098632812, 848.8098754882812, 880.064453125
2023-02-05 16:34:02.292489, 884.9994506835938, 827.4251098632812, 848.8098754882812, 881.70947265625
2023-02-05 16:34:02.292709, 889.9343872070312, 820.84521484375, 834.0050048828125, 883.3544311523438
2023-02-05 16:34:02.292831, 888.2893676757812, 814.2652587890625, 835.6500244140625, 891.579345703125
2023-02-05 16:34:02.293097, 891.579345703125, 817.5552368164062, 838.9400024414062, 896.5142822265625
2023-02-05 16:34:02.293323, 894.8693237304688, 819.2001953125, 840.5849609375, 896.5142822265625
2023-02-05 16:34:02.293948, 899.8042602539062, 825.7801513671875, 845.5198974609375, 899.8042602539062
2023-02-05 16:34:02.294124, 901.44921875, 824.1351318359375, 847.1648559570312, 903.09423828125
2023-02-05 16:34:02.294301, 903.09423828125, 824.1351318359375, 845.5198974609375, 906.3841552734375
2023-02-05 16:34:02.294418, 906.3841552734375, 824.1351318359375, 845.5198974609375, 908.0291748046875
2023-02-05 16:34:02.294608, 908.0291748046875, 824.1351318359375, 845.5198974609375, 909.6741333007812
2023-02-05 16:34:02.294716, 911.319091796875, 822.4901733398438, 843.8749389648438, 917.8990478515625
2023-02-05 16:34:02.294856, 906.3841552734375, 820.84521484375, 840.5849609375, 917.8990478515625
2023-02-05 16:34:02.294999, 896.5142822265625, 819.2001953125, 845.5198974609375, 909.6741333007812
2023-02-05 16:34:02.295180, 898.1592407226562, 819.2001953125, 848.8098754882812, 911.319091796875
2023-02-05 16:34:02.295304, 904.7391967773438, 824.1351318359375, 847.1648559570312, 912.964111328125
2023-02-05 16:34:02.295431, 899.8042602539062, 815.9102783203125, 842.2299194335938, 908.0291748046875
2023-02-05 16:34:02.295565, 904.7391967773438, 814.2652587890625, 845.5198974609375, 908.0291748046875
2023-02-05 16:34:02.295745, 904.7391967773438, 815.9102783203125, 843.8749389648438, 908.0291748046875
2023-02-05 16:34:02.295861, 898.1592407226562, 820.84521484375, 847.1648559570312, 904.7391967773438
2023-02-05 16:34:02.295994, 903.09423828125, 815.9102783203125, 845.5198974609375, 914.6090698242188
2023-02-05 16:34:02.296122, 898.1592407226562, 814.2652587890625, 845.5198974609375, 904.7391967773438
2023-02-05 16:34:02.296296, 899.8042602539062, 817.5552368164062, 848.8098754882812, 898.1592407226562
2023-02-05 16:34:02.406621, 899.8042602539062, 815.9102783203125, 852.0997924804688, 908.0291748046875
2023-02-05 16:34:02.406733, 899.8042602539062, 812.6203002929688, 853.7448120117188, 903.09423828125
2023-02-05 16:34:02.406879, 901.44921875, 812.6203002929688, 845.5198974609375, 903.09423828125
2023-02-05 16:34:02.407015, 899.8042602539062, 815.9102783203125, 847.1648559570312, 898.1592407226562
2023-02-05 16:34:02.407137, 899.8042602539062, 824.1351318359375, 845.5198974609375, 889.9343872070312
2023-02-05 16:34:02.407286, 899.8042602539062, 824.1351318359375, 842.2299194335938, 894.8693237304688
2023-02-05 16:34:02.407372, 894.8693237304688, 822.4901733398438, 848.8098754882812, 898.1592407226562
2023-02-05 16:34:02.407525, 898.1592407226562, 819.2001953125, 843.8749389648438, 904.7391967773438
2023-02-05 16:34:02.407643, 898.1592407226562, 817.5552368164062, 848.8098754882812, 906.3841552734375
2023-02-05 16:34:02.407783, 894.8693237304688, 819.2001953125, 845.5198974609375, 896.5142822265625
2023-02-05 16:34:02.408000, 891.579345703125, 817.5552368164062, 852.0997924804688, 893.2243041992188
2023-02-05 16:34:02.408241, 886.6444091796875, 817.5552368164062, 848.8098754882812, 889.9343872070312
2023-02-05 16:34:02.408357, 888.2893676757812, 820.84521484375, 852.0997924804688, 893.2243041992188
2023-02-05 16:34:02.408494, 886.6444091796875, 819.2001953125, 855.3897705078125, 891.579345703125
2023-02-05 16:34:02.408618, 883.3544311523438, 819.2001953125, 850.454833984375, 888.2893676757812
2023-02-05 16:34:02.408794, 883.3544311523438, 819.2001953125, 848.8098754882812, 891.579345703125
2023-02-05 16:34:02.409263, 876.7745361328125, 817.5552368164062, 838.9400024414062, 886.6444091796875
2023-02-05 16:34:02.409383, 881.70947265625, 822.4901733398438, 847.1648559570312, 888.2893676757812
2023-02-05 16:34:02.409522, 883.3544311523438, 822.4901733398438, 852.0997924804688, 884.9994506835938
2023-02-05 16:34:02.409693, 880.064453125, 820.84521484375, 855.3897705078125, 878.4194946289062
2023-02-05 16:34:02.409814, 884.9994506835938, 820.84521484375, 852.0997924804688, 884.9994506835938
2023-02-05 16:34:02.409983, 871.839599609375, 819.2001953125, 848.8098754882812, 875.1295166015625
2023-02-05 16:34:02.410080, 865.2596435546875, 819.2001953125, 845.5198974609375, 873.4845581054688
2023-02-05 16:34:02.410256, 861.9697265625, 822.4901733398438, 847.1648559570312, 871.839599609375
2023-02-05 16:34:02.410380, 858.6797485351562, 824.1351318359375, 845.5198974609375, 866.9046630859375
2023-02-05 16:34:02.410501, 863.6146850585938, 825.7801513671875, 843.8749389648438, 868.5496215820312
2023-02-05 16:34:02.410641, 865.2596435546875, 829.070068359375, 852.0997924804688, 865.2596435546875
2023-02-05 16:34:02.410814, 863.6146850585938, 829.070068359375, 848.8098754882812, 868.5496215820312
2023-02-05 16:34:02.410935, 863.6146850585938, 827.4251098632812, 845.5198974609375, 866.9046630859375
2023-02-05 16:34:02.411079, 858.6797485351562, 824.1351318359375, 843.8749389648438, 860.32470703125
2023-02-05 16:34:02.411202, 863.6146850585938, 824.1351318359375, 843.8749389648438, 858.6797485351562
2023-02-05 16:34:02.411370, 857.0347290039062, 825.7801513671875, 835.6500244140625, 861.9697265625
2023-02-05 16:34:02.483382, 855.3897705078125, 819.2001953125, 840.5849609375, 860.32470703125
2023-02-05 16:34:02.483544, 852.0997924804688, 819.2001953125, 850.454833984375, 860.32470703125
2023-02-05 16:34:02.483694, 845.5198974609375, 824.1351318359375, 850.454833984375, 858.6797485351562
2023-02-05 16:34:02.483860, 848.8098754882812, 824.1351318359375, 850.454833984375, 852.0997924804688
2023-02-05 16:34:02.483986, 848.8098754882812, 820.84521484375, 842.2299194335938, 853.7448120117188
2023-02-05 16:34:02.484201, 843.8749389648438, 815.9102783203125, 838.9400024414062, 855.3897705078125
2023-02-05 16:34:02.484277, 840.5849609375, 814.2652587890625, 843.8749389648438, 850.454833984375
2023-02-05 16:34:02.484403, 840.5849609375, 817.5552368164062, 853.7448120117188, 847.1648559570312
2023-02-05 16:34:02.484540, 843.8749389648438, 820.84521484375, 850.454833984375, 850.454833984375
2023-02-05 16:34:02.484672, 840.5849609375, 822.4901733398438, 850.454833984375, 847.1648559570312
2023-02-05 16:34:02.484835, 842.2299194335938, 817.5552368164062, 848.8098754882812, 850.454833984375
2023-02-05 16:34:02.485033, 840.5849609375, 817.5552368164062, 848.8098754882812, 857.0347290039062
2023-02-05 16:34:02.485153, 842.2299194335938, 817.5552368164062, 852.0997924804688, 857.0347290039062
2023-02-05 16:34:02.485311, 838.9400024414062, 815.9102783203125, 848.8098754882812, 845.5198974609375
2023-02-05 16:34:02.485442, 832.3600463867188, 817.5552368164062, 850.454833984375, 840.5849609375
2023-02-05 16:34:02.485761, 832.3600463867188, 820.84521484375, 848.8098754882812, 845.5198974609375
2023-02-05 16:34:02.615523, 834.0050048828125, 822.4901733398438, 843.8749389648438, 840.5849609375
2023-02-05 16:34:02.615641, 834.0050048828125, 822.4901733398438, 848.8098754882812, 838.9400024414062
2023-02-05 16:34:02.615716, 835.6500244140625, 819.2001953125, 855.3897705078125, 840.5849609375
2023-02-05 16:34:02.615859, 840.5849609375, 819.2001953125, 850.454833984375, 843.8749389648438
2023-02-05 16:34:02.615930, 842.2299194335938, 817.5552368164062, 850.454833984375, 848.8098754882812
2023-02-05 16:34:02.616014, 845.5198974609375, 822.4901733398438, 838.9400024414062, 852.0997924804688
2023-02-05 16:34:02.616097, 845.5198974609375, 825.7801513671875, 848.8098754882812, 843.8749389648438
2023-02-05 16:34:02.616165, 845.5198974609375, 829.070068359375, 852.0997924804688, 847.1648559570312
2023-02-05 16:34:02.616247, 847.1648559570312, 830.715087890625, 855.3897705078125, 847.1648559570312
2023-02-05 16:34:02.616330, 845.5198974609375, 822.4901733398438, 855.3897705078125, 847.1648559570312
2023-02-05 16:34:02.616457, 837.2949829101562, 824.1351318359375, 850.454833984375, 845.5198974609375
2023-02-05 16:34:02.616555, 837.2949829101562, 827.4251098632812, 853.7448120117188, 843.8749389648438
2023-02-05 16:34:02.616624, 842.2299194335938, 822.4901733398438, 853.7448120117188, 847.1648559570312
2023-02-05 16:34:02.616706, 840.5849609375, 822.4901733398438, 837.2949829101562, 842.2299194335938
2023-02-05 16:34:02.616789, 840.5849609375, 820.84521484375, 838.9400024414062, 843.8749389648438
2023-02-05 16:34:02.616887, 840.5849609375, 820.84521484375, 857.0347290039062, 843.8749389648438
2023-02-05 16:34:02.667630, 840.5849609375, 825.7801513671875, 852.0997924804688, 842.2299194335938
2023-02-05 16:34:02.667734, 838.9400024414062, 827.4251098632812, 853.7448120117188, 845.5198974609375
2023-02-05 16:34:02.667818, 835.6500244140625, 824.1351318359375, 850.454833984375, 842.2299194335938
2023-02-05 16:34:02.667897, 832.3600463867188, 820.84521484375, 848.8098754882812, 835.6500244140625
2023-02-05 16:34:02.667973, 835.6500244140625, 820.84521484375, 848.8098754882812, 838.9400024414062
2023-02-05 16:34:02.668046, 837.2949829101562, 820.84521484375, 845.5198974609375, 838.9400024414062
2023-02-05 16:34:02.668119, 838.9400024414062, 822.4901733398438, 848.8098754882812, 847.1648559570312
2023-02-05 16:34:02.668191, 837.2949829101562, 822.4901733398438, 848.8098754882812, 850.454833984375
2023-02-05 16:34:02.668308, 835.6500244140625, 820.84521484375, 855.3897705078125, 843.8749389648438
2023-02-05 16:34:02.668444, 837.2949829101562, 820.84521484375, 852.0997924804688, 845.5198974609375
2023-02-05 16:34:02.668588, 838.9400024414062, 820.84521484375, 847.1648559570312, 842.2299194335938
2023-02-05 16:34:02.668700, 840.5849609375, 817.5552368164062, 850.454833984375, 843.8749389648438
2023-02-05 16:34:02.668823, 840.5849609375, 820.84521484375, 848.8098754882812, 843.8749389648438
2023-02-05 16:34:02.668923, 838.9400024414062, 822.4901733398438, 853.7448120117188, 842.2299194335938
2023-02-05 16:34:02.669109, 838.9400024414062, 824.1351318359375, 852.0997924804688, 842.2299194335938
2023-02-05 16:34:02.669266, 842.2299194335938, 825.7801513671875, 848.8098754882812, 845.5198974609375
2023-02-05 16:34:02.717727, 838.9400024414062, 820.84521484375, 847.1648559570312, 845.5198974609375
2023-02-05 16:34:02.717904, 838.9400024414062, 824.1351318359375, 850.454833984375, 845.5198974609375
2023-02-05 16:34:02.718091, 840.5849609375, 824.1351318359375, 852.0997924804688, 848.8098754882812
2023-02-05 16:34:02.718215, 838.9400024414062, 824.1351318359375, 850.454833984375, 845.5198974609375
2023-02-05 16:34:02.718367, 842.2299194335938, 824.1351318359375, 847.1648559570312, 843.8749389648438
2023-02-05 16:34:02.718516, 840.5849609375, 820.84521484375, 848.8098754882812, 837.2949829101562
2023-02-05 16:34:02.718675, 837.2949829101562, 824.1351318359375, 847.1648559570312, 837.2949829101562
2023-02-05 16:34:02.718792, 838.9400024414062, 825.7801513671875, 852.0997924804688, 838.9400024414062
2023-02-05 16:34:02.718944, 834.0050048828125, 822.4901733398438, 855.3897705078125, 835.6500244140625
2023-02-05 16:34:02.719077, 835.6500244140625, 824.1351318359375, 850.454833984375, 840.5849609375
2023-02-05 16:34:02.719193, 834.0050048828125, 824.1351318359375, 852.0997924804688, 843.8749389648438
2023-02-05 16:34:02.719309, 835.6500244140625, 820.84521484375, 847.1648559570312, 845.5198974609375
2023-02-05 16:34:02.719425, 835.6500244140625, 824.1351318359375, 840.5849609375, 848.8098754882812
2023-02-05 16:34:02.719540, 832.3600463867188, 824.1351318359375, 853.7448120117188, 845.5198974609375
2023-02-05 16:34:02.719656, 835.6500244140625, 825.7801513671875, 853.7448120117188, 842.2299194335938
2023-02-05 16:34:02.719772, 835.6500244140625, 825.7801513671875, 850.454833984375, 838.9400024414062
2023-02-05 16:34:02.787141, 837.2949829101562, 825.7801513671875, 853.7448120117188, 840.5849609375
2023-02-05 16:34:02.787349, 842.2299194335938, 825.7801513671875, 852.0997924804688, 842.2299194335938
2023-02-05 16:34:02.787511, 842.2299194335938, 825.7801513671875, 855.3897705078125, 845.5198974609375
2023-02-05 16:34:02.787665, 838.9400024414062, 827.4251098632812, 850.454833984375, 850.454833984375
2023-02-05 16:34:02.787814, 838.9400024414062, 822.4901733398438, 847.1648559570312, 852.0997924804688
2023-02-05 16:34:02.787962, 832.3600463867188, 820.84521484375, 850.454833984375, 847.1648559570312
2023-02-05 16:34:02.788109, 835.6500244140625, 822.4901733398438, 852.0997924804688, 850.454833984375
2023-02-05 16:34:02.788255, 838.9400024414062, 827.4251098632812, 852.0997924804688, 847.1648559570312
2023-02-05 16:34:02.788402, 837.2949829101562, 827.4251098632812, 850.454833984375, 843.8749389648438
2023-02-05 16:34:02.788546, 835.6500244140625, 827.4251098632812, 850.454833984375, 845.5198974609375
2023-02-05 16:34:02.788689, 832.3600463867188, 829.070068359375, 848.8098754882812, 837.2949829101562
2023-02-05 16:34:02.788833, 838.9400024414062, 824.1351318359375, 852.0997924804688, 843.8749389648438
2023-02-05 16:34:02.788976, 835.6500244140625, 822.4901733398438, 853.7448120117188, 843.8749389648438
2023-02-05 16:34:02.789120, 837.2949829101562, 822.4901733398438, 847.1648559570312, 840.5849609375
2023-02-05 16:34:02.789269, 840.5849609375, 824.1351318359375, 852.0997924804688, 843.8749389648438
2023-02-05 16:34:02.789426, 834.0050048828125, 825.7801513671875, 852.0997924804688, 840.5849609375
2023-02-05 16:34:02.894550, 834.0050048828125, 824.1351318359375, 843.8749389648438, 845.5198974609375
2023-02-05 16:34:02.894760, 835.6500244140625, 827.4251098632812, 853.7448120117188, 847.1648559570312
2023-02-05 16:34:02.894923, 832.3600463867188, 824.1351318359375, 858.6797485351562, 843.8749389648438
2023-02-05 16:34:02.895078, 832.3600463867188, 825.7801513671875, 852.0997924804688, 842.2299194335938
2023-02-05 16:34:02.895233, 834.0050048828125, 827.4251098632812, 857.0347290039062, 842.2299194335938
2023-02-05 16:34:02.895390, 840.5849609375, 824.1351318359375, 852.0997924804688, 845.5198974609375
2023-02-05 16:34:02.895540, 834.0050048828125, 820.84521484375, 845.5198974609375, 843.8749389648438
2023-02-05 16:34:02.895688, 838.9400024414062, 829.070068359375, 848.8098754882812, 840.5849609375
2023-02-05 16:34:02.895838, 840.5849609375, 829.070068359375, 853.7448120117188, 834.0050048828125
2023-02-05 16:34:02.895984, 835.6500244140625, 825.7801513671875, 850.454833984375, 832.3600463867188
2023-02-05 16:34:02.896130, 838.9400024414062, 825.7801513671875, 848.8098754882812, 835.6500244140625
2023-02-05 16:34:02.896277, 832.3600463867188, 820.84521484375, 852.0997924804688, 834.0050048828125
2023-02-05 16:34:02.896424, 825.7801513671875, 822.4901733398438, 852.0997924804688, 834.0050048828125
2023-02-05 16:34:02.896571, 834.0050048828125, 827.4251098632812, 853.7448120117188, 832.3600463867188
2023-02-05 16:34:02.896726, 834.0050048828125, 829.070068359375, 853.7448120117188, 832.3600463867188
2023-02-05 16:34:02.896860, 837.2949829101562, 827.4251098632812, 850.454833984375, 838.9400024414062
2023-02-05 16:34:02.896977, 837.2949829101562, 824.1351318359375, 840.5849609375, 838.9400024414062
2023-02-05 16:34:02.946097, 830.715087890625, 820.84521484375, 845.5198974609375, 834.0050048828125
2023-02-05 16:34:02.946302, 832.3600463867188, 822.4901733398438, 860.32470703125, 840.5849609375
2023-02-05 16:34:02.946464, 832.3600463867188, 819.2001953125, 857.0347290039062, 842.2299194335938
2023-02-05 16:34:02.946616, 824.1351318359375, 822.4901733398438, 858.6797485351562, 842.2299194335938
2023-02-05 16:34:02.946763, 827.4251098632812, 824.1351318359375, 853.7448120117188, 843.8749389648438
2023-02-05 16:34:02.946910, 830.715087890625, 825.7801513671875, 850.454833984375, 840.5849609375
2023-02-05 16:34:02.947055, 830.715087890625, 825.7801513671875, 852.0997924804688, 840.5849609375
2023-02-05 16:34:02.947201, 834.0050048828125, 824.1351318359375, 852.0997924804688, 838.9400024414062
2023-02-05 16:34:02.947642, 835.6500244140625, 824.1351318359375, 848.8098754882812, 842.2299194335938
2023-02-05 16:34:02.947835, 837.2949829101562, 827.4251098632812, 845.5198974609375, 840.5849609375
2023-02-05 16:34:02.947956, 840.5849609375, 829.070068359375, 848.8098754882812, 848.8098754882812
2023-02-05 16:34:02.948074, 845.5198974609375, 825.7801513671875, 855.3897705078125, 850.454833984375
2023-02-05 16:34:02.948192, 837.2949829101562, 822.4901733398438, 852.0997924804688, 843.8749389648438
2023-02-05 16:34:02.948307, 832.3600463867188, 820.84521484375, 852.0997924804688, 840.5849609375
2023-02-05 16:34:02.948423, 834.0050048828125, 820.84521484375, 853.7448120117188, 843.8749389648438
2023-02-05 16:34:02.948539, 832.3600463867188, 825.7801513671875, 845.5198974609375, 847.1648559570312
2023-02-05 16:34:03.167680, 834.0050048828125, 825.7801513671875, 847.1648559570312, 842.2299194335938
2023-02-05 16:34:03.167895, 834.0050048828125, 827.4251098632812, 858.6797485351562, 840.5849609375
2023-02-05 16:34:03.168063, 825.7801513671875, 824.1351318359375, 857.0347290039062, 832.3600463867188
2023-02-05 16:34:03.168220, 827.4251098632812, 822.4901733398438, 857.0347290039062, 834.0050048828125
2023-02-05 16:34:03.168381, 827.4251098632812, 817.5552368164062, 852.0997924804688, 832.3600463867188
2023-02-05 16:34:03.168500, 834.0050048828125, 817.5552368164062, 852.0997924804688, 835.6500244140625
2023-02-05 16:34:03.168617, 834.0050048828125, 815.9102783203125, 852.0997924804688, 840.5849609375
2023-02-05 16:34:03.168733, 835.6500244140625, 819.2001953125, 850.454833984375, 838.9400024414062
2023-02-05 16:34:03.168849, 832.3600463867188, 824.1351318359375, 857.0347290039062, 838.9400024414062
2023-02-05 16:34:03.168964, 832.3600463867188, 827.4251098632812, 857.0347290039062, 835.6500244140625
2023-02-05 16:34:03.169079, 832.3600463867188, 827.4251098632812, 858.6797485351562, 837.2949829101562
2023-02-05 16:34:03.169195, 832.3600463867188, 824.1351318359375, 858.6797485351562, 840.5849609375
2023-02-05 16:34:03.169310, 835.6500244140625, 820.84521484375, 852.0997924804688, 842.2299194335938
2023-02-05 16:34:03.169426, 835.6500244140625, 820.84521484375, 848.8098754882812, 840.5849609375
2023-02-05 16:34:03.169541, 835.6500244140625, 824.1351318359375, 850.454833984375, 840.5849609375
2023-02-05 16:34:03.169657, 832.3600463867188, 817.5552368164062, 850.454833984375, 837.2949829101562
2023-02-05 16:34:03.170077, 830.715087890625, 820.84521484375, 850.454833984375, 838.9400024414062
2023-02-05 16:34:03.170194, 835.6500244140625, 822.4901733398438, 847.1648559570312, 837.2949829101562
2023-02-05 16:34:03.170309, 835.6500244140625, 822.4901733398438, 847.1648559570312, 843.8749389648438
2023-02-05 16:34:03.170424, 842.2299194335938, 824.1351318359375, 847.1648559570312, 845.5198974609375
2023-02-05 16:34:03.170539, 837.2949829101562, 822.4901733398438, 858.6797485351562, 843.8749389648438
2023-02-05 16:34:03.170652, 835.6500244140625, 824.1351318359375, 865.2596435546875, 842.2299194335938
2023-02-05 16:34:03.170765, 837.2949829101562, 827.4251098632812, 866.9046630859375, 845.5198974609375
2023-02-05 16:34:03.170879, 834.0050048828125, 824.1351318359375, 863.6146850585938, 840.5849609375
2023-02-05 16:34:03.170994, 838.9400024414062, 827.4251098632812, 857.0347290039062, 842.2299194335938
2023-02-05 16:34:03.171107, 837.2949829101562, 829.070068359375, 855.3897705078125, 842.2299194335938
2023-02-05 16:34:03.171221, 835.6500244140625, 829.070068359375, 853.7448120117188, 843.8749389648438
2023-02-05 16:34:03.171337, 838.9400024414062, 829.070068359375, 857.0347290039062, 842.2299194335938
2023-02-05 16:34:03.171451, 837.2949829101562, 825.7801513671875, 853.7448120117188, 840.5849609375
2023-02-05 16:34:03.171566, 837.2949829101562, 824.1351318359375, 853.7448120117188, 838.9400024414062
2023-02-05 16:34:03.171680, 835.6500244140625, 825.7801513671875, 853.7448120117188, 838.9400024414062
2023-02-05 16:34:03.171794, 832.3600463867188, 822.4901733398438, 858.6797485351562, 840.5849609375
2023-02-05 16:34:03.324520, 835.6500244140625, 822.4901733398438, 855.3897705078125, 845.5198974609375
2023-02-05 16:34:03.324720, 832.3600463867188, 827.4251098632812, 853.7448120117188, 843.8749389648438
2023-02-05 16:34:03.324877, 837.2949829101562, 825.7801513671875, 843.8749389648438, 847.1648559570312
2023-02-05 16:34:03.325028, 837.2949829101562, 824.1351318359375, 847.1648559570312, 842.2299194335938
2023-02-05 16:34:03.325174, 838.9400024414062, 822.4901733398438, 848.8098754882812, 845.5198974609375
2023-02-05 16:34:03.325320, 847.1648559570312, 827.4251098632812, 850.454833984375, 842.2299194335938
2023-02-05 16:34:03.325465, 827.4251098632812, 830.715087890625, 850.454833984375, 829.070068359375
2023-02-05 16:34:03.325609, 835.6500244140625, 830.715087890625, 845.5198974609375, 838.9400024414062
2023-02-05 16:34:03.325753, 838.9400024414062, 834.0050048828125, 845.5198974609375, 837.2949829101562
2023-02-05 16:34:03.325898, 842.2299194335938, 835.6500244140625, 842.2299194335938, 835.6500244140625
2023-02-05 16:34:03.326042, 848.8098754882812, 838.9400024414062, 838.9400024414062, 835.6500244140625
2023-02-05 16:34:03.326186, 837.2949829101562, 838.9400024414062, 842.2299194335938, 819.2001953125
2023-02-05 16:34:03.326331, 837.2949829101562, 840.5849609375, 845.5198974609375, 825.7801513671875
2023-02-05 16:34:03.326475, 842.2299194335938, 837.2949829101562, 845.5198974609375, 834.0050048828125
2023-02-05 16:34:03.326616, 842.2299194335938, 840.5849609375, 848.8098754882812, 840.5849609375
2023-02-05 16:34:03.326730, 840.5849609375, 834.0050048828125, 847.1648559570312, 835.6500244140625
2023-02-05 16:34:03.327027, 840.5849609375, 832.3600463867188, 845.5198974609375, 834.0050048828125
2023-02-05 16:34:03.327142, 835.6500244140625, 832.3600463867188, 843.8749389648438, 832.3600463867188
2023-02-05 16:34:03.327257, 840.5849609375, 834.0050048828125, 843.8749389648438, 835.6500244140625
2023-02-05 16:34:03.327372, 837.2949829101562, 832.3600463867188, 842.2299194335938, 838.9400024414062
2023-02-05 16:34:03.327486, 834.0050048828125, 827.4251098632812, 840.5849609375, 840.5849609375
2023-02-05 16:34:03.327599, 835.6500244140625, 825.7801513671875, 838.9400024414062, 838.9400024414062
2023-02-05 16:34:03.327712, 827.4251098632812, 825.7801513671875, 843.8749389648438, 830.715087890625
2023-02-05 16:34:03.327825, 832.3600463867188, 827.4251098632812, 840.5849609375, 834.0050048828125
2023-02-05 16:34:03.327939, 835.6500244140625, 827.4251098632812, 847.1648559570312, 837.2949829101562
2023-02-05 16:34:03.328052, 837.2949829101562, 827.4251098632812, 850.454833984375, 832.3600463867188
2023-02-05 16:34:03.328166, 835.6500244140625, 829.070068359375, 845.5198974609375, 834.0050048828125
2023-02-05 16:34:03.328278, 827.4251098632812, 825.7801513671875, 847.1648559570312, 832.3600463867188
2023-02-05 16:34:03.328391, 829.070068359375, 827.4251098632812, 842.2299194335938, 842.2299194335938
2023-02-05 16:34:03.328505, 830.715087890625, 825.7801513671875, 840.5849609375, 842.2299194335938
2023-02-05 16:34:03.328618, 832.3600463867188, 822.4901733398438, 838.9400024414062, 838.9400024414062
2023-02-05 16:34:03.328732, 835.6500244140625, 827.4251098632812, 847.1648559570312, 840.5849609375
2023-02-05 16:34:03.484194, 835.6500244140625, 827.4251098632812, 848.8098754882812, 838.9400024414062
